id,title,description,availability,condition,price,link,image_link,brand,google_product_category,fb_product_category,quantity_to_sell_on_facebook,sale_price,sale_price_effective_date,item_group_id,gender,color,size,age_group,material,pattern,shipping,shipping_weight,video[0].url,video[0].tag[0],address.city,address.country,address.neighborhoods,address.postal_code,address.region,address.street_address,gtin,product_tags[0],product_tags[1],availability_polygon_coordinates[0].latitude,availability_polygon_coordinates[0].longitude,availability_polygon_coordinates[1].latitude,availability_polygon_coordinates[1].longitude,availability_polygon_coordinates[2].latitude,availability_polygon_coordinates[2].longitude,availability_polygon_coordinates[3].latitude,availability_polygon_coordinates[3].longitude,availability_circle_origin.latitude,availability_circle_origin.longitude,availability_circle_radius_unit,availability_circle_radius,style[0]
550e8400-e29b-41d4-a716-446655400001,Coca-Cola Original Taste 330g,Coca-Cola Original Taste 330g,in stock,new,0.99 GBP,https://example.com/product/550e8400-e29b-41d4-a716-446655400001,https://images.sumup.com/img_C8AC2DF1B9B46957A169C74341,Coca-Cola,Soft Drinks • Water • Shakes,Soft Drinks • Water • Shakes,40,,,,,,,,,,,,,,,,,,,,,,,,,,,,,,,,,,,
550e8400-e29b-41d4-a716-446655400002,Coca-Cola Original Taste 500g,Coca-Cola Original Taste 500g,in stock,new,1.29 GBP,https://example.com/product/550e8400-e29b-41d4-a716-446655400002,https://images.sumup.com/img_C8AC2DF1B9B46957A169C74341,Coca-Cola,Soft Drinks • Water • Shakes,Soft Drinks • Water • Shakes,38,,,,,,,,,,,,,,,,,,,,,,,,,,,,,,,,,,,
550e8400-e29b-41d4-a716-446655400003,Coca-Cola Original Taste 1000ml,Coca-Cola Original Taste 1000ml,in stock,new,1.99 GBP,https://example.com/product/550e8400-e29b-41d4-a716-446655400003,https://images.sumup.com/img_C8AC2DF1B9B46957A169C74341,Coca-Cola,Soft Drinks • Water • Shakes,Soft Drinks • Water • Shakes,8,,,,,,,,,,,,,,,,,,,,,,,,,,,,,,,,,,,
550e8400-e29b-41d4-a716-446655400004,Coca-Cola Original Taste 1500ml,Coca-Cola Original Taste 1500ml,in stock,new,2.49 GBP,https://example.com/product/550e8400-e29b-41d4-a716-446655400004,https://images.sumup.com/img_C8AC2DF1B9B46957A169C74341,Coca-Cola,Soft Drinks • Water • Shakes,Soft Drinks • Water • Shakes,1,,,,,,,,,,,,,,,,,,,,,,,,,,,,,,,,,,,
550e8400-e29b-41d4-a716-446655400005,Pepsi Max 330g,Pepsi Max 330g,in stock,new,0.99 GBP,https://example.com/product/550e8400-e29b-41d4-a716-446655400005,https://images.sumup.com/img_F927025BF121F05D9F34C516ED,Pepsi,Soft Drinks • Water • Shakes,Soft Drinks • Water • Shakes,1,,,,,,,,,,,,,,,,,,,,,,,,,,,,,,,,,,,
550e8400-e29b-41d4-a716-446655400006,Pepsi Max 500g,Pepsi Max 500g,in stock,new,1.29 GBP,https://example.com/product/550e8400-e29b-41d4-a716-446655400006,https://images.sumup.com/img_F927025BF121F05D9F34C516ED,Pepsi,Soft Drinks • Water • Shakes,Soft Drinks • Water • Shakes,5,,,,,,,,,,,,,,,,,,,,,,,,,,,,,,,,,,,
550e8400-e29b-41d4-a716-446655400007,Pepsi Max 1500ml,Pepsi Max 1500ml,in stock,new,2.49 GBP,https://example.com/product/550e8400-e29b-41d4-a716-446655400007,https://images.sumup.com/img_F927025BF121F05D9F34C516ED,Pepsi,Soft Drinks • Water • Shakes,Soft Drinks • Water • Shakes,37,,,,,,,,,,,,,,,,,,,,,,,,,,,,,,,,,,,
550e8400-e29b-41d4-a716-446655400008,Fanta Orange 330g,Fanta Orange 330g,in stock,new,0.89 GBP,https://example.com/product/550e8400-e29b-41d4-a716-446655400008,https://images.sumup.com/img_65C05F4EF12B1B46037D56E15C,Fanta,Soft Drinks • Water • Shakes,Soft Drinks • Water • Shakes,11,,,,,,,,,,,,,,,,,,,,,,,,,,,,,,,,,,,
550e8400-e29b-41d4-a716-446655400009,Fanta Orange 500g,Fanta Orange 500g,in stock,new,1.19 GBP,https://example.com/product/550e8400-e29b-41d4-a716-446655400009,https://images.sumup.com/img_65C05F4EF12B1B46037D56E15C,Fanta,Soft Drinks • Water • Shakes,Soft Drinks • Water • Shakes,7,,,,,,,,,,,,,,,,,,,,,,,,,,,,,,,,,,,
550e8400-e29b-41d4-a716-446655400010,Sprite Zero 330g,Sprite Zero 330g,in stock,new,0.99 GBP,https://example.com/product/550e8400-e29b-41d4-a716-446655400010,https://images.sumup.com/img_0D5E19187F0029B1EE968973BE,Sprite,Soft Drinks • Water • Shakes,Soft Drinks • Water • Shakes,44,,,,,,,,,,,,,,,,,,,,,,,,,,,,,,,,,,,
550e8400-e29b-41d4-a716-446655400011,Sprite Zero 500g,Sprite Zero 500g,in stock,new,1.29 GBP,https://example.com/product/550e8400-e29b-41d4-a716-446655400011,https://images.sumup.com/img_0D5E19187F0029B1EE968973BE,Sprite,Soft Drinks • Water • Shakes,Soft Drinks • Water • Shakes,13,,,,,,,,,,,,,,,,,,,,,,,,,,,,,,,,,,,
550e8400-e29b-41d4-a716-446655400012,Dr Pepper 330g,Dr Pepper 330g,in stock,new,1.09 GBP,https://example.com/product/550e8400-e29b-41d4-a716-446655400012,https://images.sumup.com/img_5A2BE0DB2A48E3A257C8CC5862,Dr Pepper,Soft Drinks • Water • Shakes,Soft Drinks • Water • Shakes,9,,,,,,,,,,,,,,,,,,,,,,,,,,,,,,,,,,,
550e8400-e29b-41d4-a716-446655400013,Dr Pepper 500g,Dr Pepper 500g,in stock,new,1.39 GBP,https://example.com/product/550e8400-e29b-41d4-a716-446655400013,https://images.sumup.com/img_5A2BE0DB2A48E3A257C8CC5862,Dr Pepper,Soft Drinks • Water • Shakes,Soft Drinks • Water • Shakes,23,,,,,,,,,,,,,,,,,,,,,,,,,,,,,,,,,,,
550e8400-e29b-41d4-a716-446655400014,7UP Lemon & Lime 330g,7UP Lemon & Lime 330g,in stock,new,0.89 GBP,https://example.com/product/550e8400-e29b-41d4-a716-446655400014,https://images.sumup.com/img_2EE5840C251F251ADCFB71645A,7UP,Soft Drinks • Water • Shakes,Soft Drinks • Water • Shakes,4,,,,,,,,,,,,,,,,,,,,,,,,,,,,,,,,,,,
550e8400-e29b-41d4-a716-446655400015,7UP Lemon & Lime 500g,7UP Lemon & Lime 500g,in stock,new,1.19 GBP,https://example.com/product/550e8400-e29b-41d4-a716-446655400015,https://images.sumup.com/img_2EE5840C251F251ADCFB71645A,7UP,Soft Drinks • Water • Shakes,Soft Drinks • Water • Shakes,44,,,,,,,,,,,,,,,,,,,,,,,,,,,,,,,,,,,
550e8400-e29b-41d4-a716-446655400016,Tango Orange 330g,Tango Orange 330g,out of stock,new,0.95 GBP,https://example.com/product/550e8400-e29b-41d4-a716-446655400016,https://images.sumup.com/img_6201765488D6EBA9734CB8E1D8,Tango,Soft Drinks • Water • Shakes,Soft Drinks • Water • Shakes,0,,,,,,,,,,,,,,,,,,,,,,,,,,,,,,,,,,,
550e8400-e29b-41d4-a716-446655400017,Rio Tropical 330g,Rio Tropical 330g,in stock,new,1.05 GBP,https://example.com/product/550e8400-e29b-41d4-a716-446655400017,https://images.sumup.com/img_D637AE5D09D251340B458F09F7,Rio,Soft Drinks • Water • Shakes,Soft Drinks • Water • Shakes,40,,,,,,,,,,,,,,,,,,,,,,,,,,,,,,,,,,,
550e8400-e29b-41d4-a716-446655400018,Irn-Bru Original 330g,Irn-Bru Original 330g,in stock,new,0.99 GBP,https://example.com/product/550e8400-e29b-41d4-a716-446655400018,https://images.sumup.com/img_4C02A1EF85F010334BCF5E86ED,,Soft Drinks • Water • Shakes,Soft Drinks • Water • Shakes,24,,,,,,,,,,,,,,,,,,,,,,,,,,,,,,,,,,,
550e8400-e29b-41d4-a716-446655400019,Irn-Bru Original 500g,Irn-Bru Original 500g,in stock,new,1.29 GBP,https://example.com/product/550e8400-e29b-41d4-a716-446655400019,https://images.sumup.com/img_4C02A1EF85F010334BCF5E86ED,,Soft Drinks • Water • Shakes,Soft Drinks • Water • Shakes,35,,,,,,,,,,,,,,,,,,,,,,,,,,,,,,,,,,,
550e8400-e29b-41d4-a716-446655400020,Vimto Original 330g,Vimto Original 330g,in stock,new,0.89 GBP,https://example.com/product/550e8400-e29b-41d4-a716-446655400020,https://images.sumup.com/img_36C455DA42CC82F8E223B687A4,,Soft Drinks • Water • Shakes,Soft Drinks • Water • Shakes,7,,,,,,,,,,,,,,,,,,,,,,,,,,,,,,,,,,,
550e8400-e29b-41d4-a716-446655400021,Vimto Original 500g,Vimto Original 500g,in stock,new,1.19 GBP,https://example.com/product/550e8400-e29b-41d4-a716-446655400021,https://images.sumup.com/img_36C455DA42CC82F8E223B687A4,,Soft Drinks • Water • Shakes,Soft Drinks • Water • Shakes,12,,,,,,,,,,,,,,,,,,,,,,,,,,,,,,,,,,,
550e8400-e29b-41d4-a716-446655400022,Evian Natural Mineral Water 500g,Evian Natural Mineral Water 500g,in stock,new,0.99 GBP,https://example.com/product/550e8400-e29b-41d4-a716-446655400022,https://images.sumup.com/img_B9A5DCDA7F1A8F7699197641B8,Evian,Soft Drinks • Water • Shakes,Soft Drinks • Water • Shakes,38,,,,,,,,,,,,,,,,,,,,,,,,,,,,,,,,,,,
550e8400-e29b-41d4-a716-446655400023,Evian Natural Mineral Water 750g,Evian Natural Mineral Water 750g,in stock,new,1.19 GBP,https://example.com/product/550e8400-e29b-41d4-a716-446655400023,https://images.sumup.com/img_B9A5DCDA7F1A8F7699197641B8,Evian,Soft Drinks • Water • Shakes,Soft Drinks • Water • Shakes,50,,,,,,,,,,,,,,,,,,,,,,,,,,,,,,,,,,,
550e8400-e29b-41d4-a716-446655400024,Evian Natural Mineral Water 1000ml,Evian Natural Mineral Water 1000ml,in stock,new,1.39 GBP,https://example.com/product/550e8400-e29b-41d4-a716-446655400024,https://images.sumup.com/img_B9A5DCDA7F1A8F7699197641B8,Evian,Soft Drinks • Water • Shakes,Soft Drinks • Water • Shakes,33,,,,,,,,,,,,,,,,,,,,,,,,,,,,,,,,,,,
550e8400-e29b-41d4-a716-446655400025,Evian Natural Mineral Water 1500ml,Evian Natural Mineral Water 1500ml,in stock,new,1.79 GBP,https://example.com/product/550e8400-e29b-41d4-a716-446655400025,https://images.sumup.com/img_B9A5DCDA7F1A8F7699197641B8,Evian,Soft Drinks • Water • Shakes,Soft Drinks • Water • Shakes,1,,,,,,,,,,,,,,,,,,,,,,,,,,,,,,,,,,,
550e8400-e29b-41d4-a716-446655400026,Volvic Touch of Fruit 500g,Volvic Touch of Fruit 500g,in stock,new,1.09 GBP,https://example.com/product/550e8400-e29b-41d4-a716-446655400026,https://images.sumup.com/img_49340E41983CB5FE588027D984,Volvic,Soft Drinks • Water • Shakes,Soft Drinks • Water • Shakes,15,,,,,,,,,,,,,,,,,,,,,,,,,,,,,,,,,,,
550e8400-e29b-41d4-a716-446655400027,Volvic Touch of Fruit 1500ml,Volvic Touch of Fruit 1500ml,in stock,new,1.99 GBP,https://example.com/product/550e8400-e29b-41d4-a716-446655400027,https://images.sumup.com/img_49340E41983CB5FE588027D984,Volvic,Soft Drinks • Water • Shakes,Soft Drinks • Water • Shakes,45,,,,,,,,,,,,,,,,,,,,,,,,,,,,,,,,,,,
550e8400-e29b-41d4-a716-446655400028,Highland Spring Water 500g,Highland Spring Water 500g,in stock,new,0.89 GBP,https://example.com/product/550e8400-e29b-41d4-a716-446655400028,https://images.sumup.com/img_3E82E1A065040FECB2DD0D7C24,,Soft Drinks • Water • Shakes,Soft Drinks • Water • Shakes,1,,,,,,,,,,,,,,,,,,,,,,,,,,,,,,,,,,,
550e8400-e29b-41d4-a716-446655400029,Highland Spring Water 1500ml,Highland Spring Water 1500ml,in stock,new,1.69 GBP,https://example.com/product/550e8400-e29b-41d4-a716-446655400029,https://images.sumup.com/img_3E82E1A065040FECB2DD0D7C24,,Soft Drinks • Water • Shakes,Soft Drinks • Water • Shakes,15,,,,,,,,,,,,,,,,,,,,,,,,,,,,,,,,,,,
550e8400-e29b-41d4-a716-446655400030,San Pellegrino Sparkling 330g,San Pellegrino Sparkling 330g,in stock,new,1.29 GBP,https://example.com/product/550e8400-e29b-41d4-a716-446655400030,https://images.sumup.com/img_EF821076AACE2D87E79B3C3A25,,Soft Drinks • Water • Shakes,Soft Drinks • Water • Shakes,30,,,,,,,,,,,,,,,,,,,,,,,,,,,,,,,,,,,
550e8400-e29b-41d4-a716-446655400031,San Pellegrino Sparkling 500g,San Pellegrino Sparkling 500g,in stock,new,1.79 GBP,https://example.com/product/550e8400-e29b-41d4-a716-446655400031,https://images.sumup.com/img_EF821076AACE2D87E79B3C3A25,,Soft Drinks • Water • Shakes,Soft Drinks • Water • Shakes,50,,,,,,,,,,,,,,,,,,,,,,,,,,,,,,,,,,,
550e8400-e29b-41d4-a716-446655400032,Perrier Sparkling Water 330g,Perrier Sparkling Water 330g,in stock,new,1.19 GBP,https://example.com/product/550e8400-e29b-41d4-a716-446655400032,https://images.sumup.com/img_DC6ED9C2AD506AC7DFAB5B512F,,Soft Drinks • Water • Shakes,Soft Drinks • Water • Shakes,35,,,,,,,,,,,,,,,,,,,,,,,,,,,,,,,,,,,
550e8400-e29b-41d4-a716-446655400033,Perrier Sparkling Water 750g,Perrier Sparkling Water 750g,in stock,new,2.29 GBP,https://example.com/product/550e8400-e29b-41d4-a716-446655400033,https://images.sumup.com/img_DC6ED9C2AD506AC7DFAB5B512F,,Soft Drinks • Water • Shakes,Soft Drinks • Water • Shakes,45,,,,,,,,,,,,,,,,,,,,,,,,,,,,,,,,,,,
550e8400-e29b-41d4-a716-446655400034,Monster Energy Original 500g,Monster Energy Original 500g,in stock,new,1.89 GBP,https://example.com/product/550e8400-e29b-41d4-a716-446655400034,https://images.sumup.com/img_7B1260DC748030ABA2C352ED15,Monster,Energy Drinks,Energy Drinks,35,,,,,,,,,,,,,,,,,,,,,,,,,,,,,,,,,,,
550e8400-e29b-41d4-a716-446655400035,Monster Energy Ultra 500g,Monster Energy Ultra 500g,in stock,new,1.89 GBP,https://example.com/product/550e8400-e29b-41d4-a716-446655400035,https://images.sumup.com/img_582BDE5B67C5FAB2BC77984FAF,Monster,Energy Drinks,Energy Drinks,22,,,,,,,,,,,,,,,,,,,,,,,,,,,,,,,,,,,
550e8400-e29b-41d4-a716-446655400036,Red Bull Energy Drink 250g,Red Bull Energy Drink 250g,in stock,new,1.69 GBP,https://example.com/product/550e8400-e29b-41d4-a716-446655400036,https://images.sumup.com/img_0454C4D8E69D0BC90871FF2A35,Red Bull,Energy Drinks,Energy Drinks,8,,,,,,,,,,,,,,,,,,,,,,,,,,,,,,,,,,,
550e8400-e29b-41d4-a716-446655400037,Red Bull Energy Drink 355g,Red Bull Energy Drink 355g,in stock,new,2.29 GBP,https://example.com/product/550e8400-e29b-41d4-a716-446655400037,https://images.sumup.com/img_0454C4D8E69D0BC90871FF2A35,Red Bull,Energy Drinks,Energy Drinks,35,,,,,,,,,,,,,,,,,,,,,,,,,,,,,,,,,,,
550e8400-e29b-41d4-a716-446655400038,Red Bull Energy Drink 473g,Red Bull Energy Drink 473g,in stock,new,2.99 GBP,https://example.com/product/550e8400-e29b-41d4-a716-446655400038,https://images.sumup.com/img_0454C4D8E69D0BC90871FF2A35,Red Bull,Energy Drinks,Energy Drinks,35,,,,,,,,,,,,,,,,,,,,,,,,,,,,,,,,,,,
550e8400-e29b-41d4-a716-446655400039,Red Bull Sugar Free 250g,Red Bull Sugar Free 250g,in stock,new,1.69 GBP,https://example.com/product/550e8400-e29b-41d4-a716-446655400039,https://images.sumup.com/img_DB4A364D2EEEF3C46037EEE882,Red Bull,Energy Drinks,Energy Drinks,11,,,,,,,,,,,,,,,,,,,,,,,,,,,,,,,,,,,
550e8400-e29b-41d4-a716-446655400040,Red Bull Sugar Free 355g,Red Bull Sugar Free 355g,in stock,new,2.29 GBP,https://example.com/product/550e8400-e29b-41d4-a716-446655400040,https://images.sumup.com/img_DB4A364D2EEEF3C46037EEE882,Red Bull,Energy Drinks,Energy Drinks,43,,,,,,,,,,,,,,,,,,,,,,,,,,,,,,,,,,,
550e8400-e29b-41d4-a716-446655400041,Lucozade Energy Original 380g,Lucozade Energy Original 380g,in stock,new,1.39 GBP,https://example.com/product/550e8400-e29b-41d4-a716-446655400041,https://images.sumup.com/img_E81F410AB2A0C5E24E3DD2F6A5,Lucozade,Energy Drinks,Energy Drinks,42,,,,,,,,,,,,,,,,,,,,,,,,,,,,,,,,,,,
550e8400-e29b-41d4-a716-446655400042,Lucozade Energy Original 500g,Lucozade Energy Original 500g,in stock,new,1.69 GBP,https://example.com/product/550e8400-e29b-41d4-a716-446655400042,https://images.sumup.com/img_E81F410AB2A0C5E24E3DD2F6A5,Lucozade,Energy Drinks,Energy Drinks,39,,,,,,,,,,,,,,,,,,,,,,,,,,,,,,,,,,,
550e8400-e29b-41d4-a716-446655400043,Lucozade Sport Orange 500g,Lucozade Sport Orange 500g,in stock,new,1.49 GBP,https://example.com/product/550e8400-e29b-41d4-a716-446655400043,https://images.sumup.com/img_B68001C2DB1EA5C379D7A71D88,Lucozade,Energy Drinks,Energy Drinks,48,,,,,,,,,,,,,,,,,,,,,,,,,,,,,,,,,,,
550e8400-e29b-41d4-a716-446655400044,Relentless Origin 500g,Relentless Origin 500g,out of stock,new,1.79 GBP,https://example.com/product/550e8400-e29b-41d4-a716-446655400044,https://images.sumup.com/img_E9B658A3EF56C7217B34B78936,,Energy Drinks,Energy Drinks,0,,,,,,,,,,,,,,,,,,,,,,,,,,,,,,,,,,,
550e8400-e29b-41d4-a716-446655400045,Rockstar Energy 500g,Rockstar Energy 500g,in stock,new,1.69 GBP,https://example.com/product/550e8400-e29b-41d4-a716-446655400045,https://images.sumup.com/img_76D4C2CBE3AEB8B530C03C2DE3,,Energy Drinks,Energy Drinks,30,,,,,,,,,,,,,,,,,,,,,,,,,,,,,,,,,,,
550e8400-e29b-41d4-a716-446655400046,Cadbury Dairy Milk 45g,Cadbury Dairy Milk 45g,in stock,new,0.79 GBP,https://example.com/product/550e8400-e29b-41d4-a716-446655400046,https://images.sumup.com/img_392AA1EB4872B3B4B550E1649E,Cadbury,Chocolate • Sweets • Treats,Chocolate • Sweets • Treats,46,,,,,,,,,,,,,,,,,,,,,,,,,,,,,,,,,,,
550e8400-e29b-41d4-a716-446655400047,Cadbury Dairy Milk 110g,Cadbury Dairy Milk 110g,in stock,new,1.99 GBP,https://example.com/product/550e8400-e29b-41d4-a716-446655400047,https://images.sumup.com/img_392AA1EB4872B3B4B550E1649E,Cadbury,Chocolate • Sweets • Treats,Chocolate • Sweets • Treats,49,,,,,,,,,,,,,,,,,,,,,,,,,,,,,,,,,,,
550e8400-e29b-41d4-a716-446655400048,Cadbury Dairy Milk 180g,Cadbury Dairy Milk 180g,in stock,new,3.49 GBP,https://example.com/product/550e8400-e29b-41d4-a716-446655400048,https://images.sumup.com/img_392AA1EB4872B3B4B550E1649E,Cadbury,Chocolate • Sweets • Treats,Chocolate • Sweets • Treats,14,,,,,,,,,,,,,,,,,,,,,,,,,,,,,,,,,,,
550e8400-e29b-41d4-a716-446655400049,Cadbury Dairy Milk 360g,Cadbury Dairy Milk 360g,in stock,new,6.99 GBP,https://example.com/product/550e8400-e29b-41d4-a716-446655400049,https://images.sumup.com/img_392AA1EB4872B3B4B550E1649E,Cadbury,Chocolate • Sweets • Treats,Chocolate • Sweets • Treats,23,,,,,,,,,,,,,,,,,,,,,,,,,,,,,,,,,,,
550e8400-e29b-41d4-a716-446655400050,Galaxy Smooth Milk 42g,Galaxy Smooth Milk 42g,in stock,new,0.75 GBP,https://example.com/product/550e8400-e29b-41d4-a716-446655400050,https://images.sumup.com/img_3807ACE52E7F022BDDA5C47D5C,Galaxy,Chocolate • Sweets • Treats,Chocolate • Sweets • Treats,7,,,,,,,,,,,,,,,,,,,,,,,,,,,,,,,,,,,
550e8400-e29b-41d4-a716-446655400051,Galaxy Smooth Milk 110g,Galaxy Smooth Milk 110g,in stock,new,1.99 GBP,https://example.com/product/550e8400-e29b-41d4-a716-446655400051,https://images.sumup.com/img_3807ACE52E7F022BDDA5C47D5C,Galaxy,Chocolate • Sweets • Treats,Chocolate • Sweets • Treats,9,,,,,,,,,,,,,,,,,,,,,,,,,,,,,,,,,,,
550e8400-e29b-41d4-a716-446655400052,Galaxy Smooth Milk 200g,Galaxy Smooth Milk 200g,in stock,new,3.49 GBP,https://example.com/product/550e8400-e29b-41d4-a716-446655400052,https://images.sumup.com/img_3807ACE52E7F022BDDA5C47D5C,Galaxy,Chocolate • Sweets • Treats,Chocolate • Sweets • Treats,21,,,,,,,,,,,,,,,,,,,,,,,,,,,,,,,,,,,
550e8400-e29b-41d4-a716-446655400053,Galaxy Smooth Milk 390g,Galaxy Smooth Milk 390g,in stock,new,6.99 GBP,https://example.com/product/550e8400-e29b-41d4-a716-446655400053,https://images.sumup.com/img_3807ACE52E7F022BDDA5C47D5C,Galaxy,Chocolate • Sweets • Treats,Chocolate • Sweets • Treats,31,,,,,,,,,,,,,,,,,,,,,,,,,,,,,,,,,,,
550e8400-e29b-41d4-a716-446655400054,Mars Bar 51g,Mars Bar 51g,in stock,new,0.79 GBP,https://example.com/product/550e8400-e29b-41d4-a716-446655400054,https://images.sumup.com/img_EC5B65A5F3766E1DB0906478CA,Mars,Chocolate • Sweets • Treats,Chocolate • Sweets • Treats,41,,,,,,,,,,,,,,,,,,,,,,,,,,,,,,,,,,,
550e8400-e29b-41d4-a716-446655400055,Snickers Bar 48g,Snickers Bar 48g,in stock,new,0.79 GBP,https://example.com/product/550e8400-e29b-41d4-a716-446655400055,https://images.sumup.com/img_47045FE4E52EF94E0289EA7518,Snickers,Chocolate • Sweets • Treats,Chocolate • Sweets • Treats,22,,,,,,,,,,,,,,,,,,,,,,,,,,,,,,,,,,,
550e8400-e29b-41d4-a716-446655400056,Snickers Bar 75g,Snickers Bar 75g,in stock,new,1.29 GBP,https://example.com/product/550e8400-e29b-41d4-a716-446655400056,https://images.sumup.com/img_47045FE4E52EF94E0289EA7518,Snickers,Chocolate • Sweets • Treats,Chocolate • Sweets • Treats,49,,,,,,,,,,,,,,,,,,,,,,,,,,,,,,,,,,,
550e8400-e29b-41d4-a716-446655400057,Twix Twin Bar 50g,Twix Twin Bar 50g,in stock,new,0.79 GBP,https://example.com/product/550e8400-e29b-41d4-a716-446655400057,https://images.sumup.com/img_3C7D4EC7F9812755981B158330,Twix,Chocolate • Sweets • Treats,Chocolate • Sweets • Treats,44,,,,,,,,,,,,,,,,,,,,,,,,,,,,,,,,,,,
550e8400-e29b-41d4-a716-446655400058,Twix Twin Bar 75g,Twix Twin Bar 75g,in stock,new,1.29 GBP,https://example.com/product/550e8400-e29b-41d4-a716-446655400058,https://images.sumup.com/img_3C7D4EC7F9812755981B158330,Twix,Chocolate • Sweets • Treats,Chocolate • Sweets • Treats,47,,,,,,,,,,,,,,,,,,,,,,,,,,,,,,,,,,,
550e8400-e29b-41d4-a716-446655400059,Kit Kat 4 Finger 41.5g,Kit Kat 4 Finger 41.5g,in stock,new,0.69 GBP,https://example.com/product/550e8400-e29b-41d4-a716-446655400059,https://images.sumup.com/img_4CA3909DB966231B8AEEE8B1C4,Kit Kat,Chocolate • Sweets • Treats,Chocolate • Sweets • Treats,6,,,,,,,,,,,,,,,,,,,,,,,,,,,,,,,,,,,
550e8400-e29b-41d4-a716-446655400060,Kit Kat 4 Finger 112g,Kit Kat 4 Finger 112g,in stock,new,1.99 GBP,https://example.com/product/550e8400-e29b-41d4-a716-446655400060,https://images.sumup.com/img_4CA3909DB966231B8AEEE8B1C4,Kit Kat,Chocolate • Sweets • Treats,Chocolate • Sweets • Treats,41,,,,,,,,,,,,,,,,,,,,,,,,,,,,,,,,,,,
550e8400-e29b-41d4-a716-446655400061,Milkybar White Chocolate 25g,Milkybar White Chocolate 25g,in stock,new,0.59 GBP,https://example.com/product/550e8400-e29b-41d4-a716-446655400061,https://images.sumup.com/img_60800AF4FB074B866660B774C3,Milkybar,Chocolate • Sweets • Treats,Chocolate • Sweets • Treats,27,,,,,,,,,,,,,,,,,,,,,,,,,,,,,,,,,,,
550e8400-e29b-41d4-a716-446655400062,Milkybar White Chocolate 100g,Milkybar White Chocolate 100g,in stock,new,1.99 GBP,https://example.com/product/550e8400-e29b-41d4-a716-446655400062,https://images.sumup.com/img_60800AF4FB074B866660B774C3,Milkybar,Chocolate • Sweets • Treats,Chocolate • Sweets • Treats,28,,,,,,,,,,,,,,,,,,,,,,,,,,,,,,,,,,,
550e8400-e29b-41d4-a716-446655400063,Kinder Bueno 43g,Kinder Bueno 43g,in stock,new,0.89 GBP,https://example.com/product/550e8400-e29b-41d4-a716-446655400063,https://images.sumup.com/img_25CA536F2CE7FBE14B2651E5CE,Kinder,Chocolate • Sweets • Treats,Chocolate • Sweets • Treats,38,,,,,,,,,,,,,,,,,,,,,,,,,,,,,,,,,,,
550e8400-e29b-41d4-a716-446655400064,Kinder Bueno 86g,Kinder Bueno 86g,in stock,new,1.79 GBP,https://example.com/product/550e8400-e29b-41d4-a716-446655400064,https://images.sumup.com/img_25CA536F2CE7FBE14B2651E5CE,Kinder,Chocolate • Sweets • Treats,Chocolate • Sweets • Treats,26,,,,,,,,,,,,,,,,,,,,,,,,,,,,,,,,,,,
550e8400-e29b-41d4-a716-446655400065,M&M's Peanut 45g,M&M's Peanut 45g,in stock,new,0.99 GBP,https://example.com/product/550e8400-e29b-41d4-a716-446655400065,https://images.sumup.com/img_F159C316534B3BFE38D2875A23,M&M's,Chocolate • Sweets • Treats,Chocolate • Sweets • Treats,20,,,,,,,,,,,,,,,,,,,,,,,,,,,,,,,,,,,
550e8400-e29b-41d4-a716-446655400066,M&M's Peanut 90g,M&M's Peanut 90g,in stock,new,1.79 GBP,https://example.com/product/550e8400-e29b-41d4-a716-446655400066,https://images.sumup.com/img_F159C316534B3BFE38D2875A23,M&M's,Chocolate • Sweets • Treats,Chocolate • Sweets • Treats,39,,,,,,,,,,,,,,,,,,,,,,,,,,,,,,,,,,,
550e8400-e29b-41d4-a716-446655400067,M&M's Peanut 165g,M&M's Peanut 165g,in stock,new,2.99 GBP,https://example.com/product/550e8400-e29b-41d4-a716-446655400067,https://images.sumup.com/img_F159C316534B3BFE38D2875A23,M&M's,Chocolate • Sweets • Treats,Chocolate • Sweets • Treats,50,,,,,,,,,,,,,,,,,,,,,,,,,,,,,,,,,,,
550e8400-e29b-41d4-a716-446655400068,M&M's Chocolate 45g,M&M's Chocolate 45g,in stock,new,0.99 GBP,https://example.com/product/550e8400-e29b-41d4-a716-446655400068,https://images.sumup.com/img_5A113136B0A94661FE67EA6C04,M&M's,Chocolate • Sweets • Treats,Chocolate • Sweets • Treats,38,,,,,,,,,,,,,,,,,,,,,,,,,,,,,,,,,,,
550e8400-e29b-41d4-a716-446655400069,M&M's Chocolate 90g,M&M's Chocolate 90g,in stock,new,1.79 GBP,https://example.com/product/550e8400-e29b-41d4-a716-446655400069,https://images.sumup.com/img_5A113136B0A94661FE67EA6C04,M&M's,Chocolate • Sweets • Treats,Chocolate • Sweets • Treats,23,,,,,,,,,,,,,,,,,,,,,,,,,,,,,,,,,,,
550e8400-e29b-41d4-a716-446655400070,Quality Street 265g,Quality Street 265g,in stock,new,3.99 GBP,https://example.com/product/550e8400-e29b-41d4-a716-446655400070,https://images.sumup.com/img_54F523F684A637D882988DBD34,Quality Street,Chocolate • Sweets • Treats,Chocolate • Sweets • Treats,10,,,,,,,,,,,,,,,,,,,,,,,,,,,,,,,,,,,
550e8400-e29b-41d4-a716-446655400071,Quality Street 650g,Quality Street 650g,in stock,new,8.99 GBP,https://example.com/product/550e8400-e29b-41d4-a716-446655400071,https://images.sumup.com/img_54F523F684A637D882988DBD34,Quality Street,Chocolate • Sweets • Treats,Chocolate • Sweets • Treats,41,,,,,,,,,,,,,,,,,,,,,,,,,,,,,,,,,,,
550e8400-e29b-41d4-a716-446655400072,Celebrations 300g,Celebrations 300g,in stock,new,4.99 GBP,https://example.com/product/550e8400-e29b-41d4-a716-446655400072,https://images.sumup.com/img_55292BDF7852E0BEE2AB23112B,,Chocolate • Sweets • Treats,Chocolate • Sweets • Treats,30,,,,,,,,,,,,,,,,,,,,,,,,,,,,,,,,,,,
550e8400-e29b-41d4-a716-446655400073,Celebrations 600g,Celebrations 600g,in stock,new,9.99 GBP,https://example.com/product/550e8400-e29b-41d4-a716-446655400073,https://images.sumup.com/img_55292BDF7852E0BEE2AB23112B,,Chocolate • Sweets • Treats,Chocolate • Sweets • Treats,27,,,,,,,,,,,,,,,,,,,,,,,,,,,,,,,,,,,
550e8400-e29b-41d4-a716-446655400074,Heroes 290g,Heroes 290g,in stock,new,4.99 GBP,https://example.com/product/550e8400-e29b-41d4-a716-446655400074,https://images.sumup.com/img_043298DE5DA2AA15EA6E5D590B,,Chocolate • Sweets • Treats,Chocolate • Sweets • Treats,10,,,,,,,,,,,,,,,,,,,,,,,,,,,,,,,,,,,
550e8400-e29b-41d4-a716-446655400075,Heroes 600g,Heroes 600g,in stock,new,9.99 GBP,https://example.com/product/550e8400-e29b-41d4-a716-446655400075,https://images.sumup.com/img_043298DE5DA2AA15EA6E5D590B,,Chocolate • Sweets • Treats,Chocolate • Sweets • Treats,33,,,,,,,,,,,,,,,,,,,,,,,,,,,,,,,,,,,
550e8400-e29b-41d4-a716-446655400076,Roses 290g,Roses 290g,in stock,new,4.99 GBP,https://example.com/product/550e8400-e29b-41d4-a716-446655400076,https://images.sumup.com/img_5C6F53E266A7BF766D588D6426,,Chocolate • Sweets • Treats,Chocolate • Sweets • Treats,43,,,,,,,,,,,,,,,,,,,,,,,,,,,,,,,,,,,
550e8400-e29b-41d4-a716-446655400077,Roses 600g,Roses 600g,in stock,new,9.99 GBP,https://example.com/product/550e8400-e29b-41d4-a716-446655400077,https://images.sumup.com/img_5C6F53E266A7BF766D588D6426,,Chocolate • Sweets • Treats,Chocolate • Sweets • Treats,5,,,,,,,,,,,,,,,,,,,,,,,,,,,,,,,,,,,
550e8400-e29b-41d4-a716-446655400078,Haribo Starmix 140g,Haribo Starmix 140g,in stock,new,1.19 GBP,https://example.com/product/550e8400-e29b-41d4-a716-446655400078,https://images.sumup.com/img_ABE3A9A3AFBDD54883DFB8C0A0,Haribo,Chocolate • Sweets • Treats,Chocolate • Sweets • Treats,50,,,,,,,,,,,,,,,,,,,,,,,,,,,,,,,,,,,
550e8400-e29b-41d4-a716-446655400079,Walkers Ready Salted 32.5g,Walkers Ready Salted 32.5g,in stock,new,0.59 GBP,https://example.com/product/550e8400-e29b-41d4-a716-446655400079,https://images.sumup.com/img_B4AC3CEE272A765DE36763C9FC,Walkers,Crisps • Snacks,Crisps • Snacks,25,,,,,,,,,,,,,,,,,,,,,,,,,,,,,,,,,,,
550e8400-e29b-41d4-a716-446655400080,Walkers Ready Salted 65g,Walkers Ready Salted 65g,in stock,new,1.09 GBP,https://example.com/product/550e8400-e29b-41d4-a716-446655400080,https://images.sumup.com/img_B4AC3CEE272A765DE36763C9FC,Walkers,Crisps • Snacks,Crisps • Snacks,45,,,,,,,,,,,,,,,,,,,,,,,,,,,,,,,,,,,
550e8400-e29b-41d4-a716-446655400081,Walkers Ready Salted 150g,Walkers Ready Salted 150g,in stock,new,2.49 GBP,https://example.com/product/550e8400-e29b-41d4-a716-446655400081,https://images.sumup.com/img_B4AC3CEE272A765DE36763C9FC,Walkers,Crisps • Snacks,Crisps • Snacks,22,,,,,,,,,,,,,,,,,,,,,,,,,,,,,,,,,,,
550e8400-e29b-41d4-a716-446655400082,Walkers Cheese & Onion 32.5g,Walkers Cheese & Onion 32.5g,in stock,new,0.59 GBP,https://example.com/product/550e8400-e29b-41d4-a716-446655400082,https://images.sumup.com/img_C8F30A6E742F8F5421399B1E3D,Walkers,Crisps • Snacks,Crisps • Snacks,33,,,,,,,,,,,,,,,,,,,,,,,,,,,,,,,,,,,
550e8400-e29b-41d4-a716-446655400083,Walkers Cheese & Onion 65g,Walkers Cheese & Onion 65g,in stock,new,1.09 GBP,https://example.com/product/550e8400-e29b-41d4-a716-446655400083,https://images.sumup.com/img_C8F30A6E742F8F5421399B1E3D,Walkers,Crisps • Snacks,Crisps • Snacks,36,,,,,,,,,,,,,,,,,,,,,,,,,,,,,,,,,,,
550e8400-e29b-41d4-a716-446655400084,Walkers Cheese & Onion 150g,Walkers Cheese & Onion 150g,in stock,new,2.49 GBP,https://example.com/product/550e8400-e29b-41d4-a716-446655400084,https://images.sumup.com/img_C8F30A6E742F8F5421399B1E3D,Walkers,Crisps • Snacks,Crisps • Snacks,23,,,,,,,,,,,,,,,,,,,,,,,,,,,,,,,,,,,
550e8400-e29b-41d4-a716-446655400085,Walkers Salt & Vinegar 32.5g,Walkers Salt & Vinegar 32.5g,in stock,new,0.59 GBP,https://example.com/product/550e8400-e29b-41d4-a716-446655400085,https://images.sumup.com/img_3371477CA6A0C16D3DF7C676C7,Walkers,Crisps • Snacks,Crisps • Snacks,16,,,,,,,,,,,,,,,,,,,,,,,,,,,,,,,,,,,
550e8400-e29b-41d4-a716-446655400086,Walkers Salt & Vinegar 65g,Walkers Salt & Vinegar 65g,in stock,new,1.09 GBP,https://example.com/product/550e8400-e29b-41d4-a716-446655400086,https://images.sumup.com/img_3371477CA6A0C16D3DF7C676C7,Walkers,Crisps • Snacks,Crisps • Snacks,25,,,,,,,,,,,,,,,,,,,,,,,,,,,,,,,,,,,
550e8400-e29b-41d4-a716-446655400087,Walkers Salt & Vinegar 150g,Walkers Salt & Vinegar 150g,in stock,new,2.49 GBP,https://example.com/product/550e8400-e29b-41d4-a716-446655400087,https://images.sumup.com/img_3371477CA6A0C16D3DF7C676C7,Walkers,Crisps • Snacks,Crisps • Snacks,2,,,,,,,,,,,,,,,,,,,,,,,,,,,,,,,,,,,
550e8400-e29b-41d4-a716-446655400088,Pringles Original 165g,Pringles Original 165g,in stock,new,2.29 GBP,https://example.com/product/550e8400-e29b-41d4-a716-446655400088,https://images.sumup.com/img_CFD86ABD22E85B7AC54B17F85C,Pringles,Crisps • Snacks,Crisps • Snacks,49,,,,,,,,,,,,,,,,,,,,,,,,,,,,,,,,,,,
550e8400-e29b-41d4-a716-446655400089,Pringles Original 200g,Pringles Original 200g,in stock,new,2.79 GBP,https://example.com/product/550e8400-e29b-41d4-a716-446655400089,https://images.sumup.com/img_CFD86ABD22E85B7AC54B17F85C,Pringles,Crisps • Snacks,Crisps • Snacks,37,,,,,,,,,,,,,,,,,,,,,,,,,,,,,,,,,,,
550e8400-e29b-41d4-a716-446655400090,Pringles Sour Cream 165g,Pringles Sour Cream 165g,in stock,new,2.29 GBP,https://example.com/product/550e8400-e29b-41d4-a716-446655400090,https://images.sumup.com/img_DFF834782586CE5AAD491D1A05,Pringles,Crisps • Snacks,Crisps • Snacks,27,,,,,,,,,,,,,,,,,,,,,,,,,,,,,,,,,,,
550e8400-e29b-41d4-a716-446655400091,Pringles Sour Cream 200g,Pringles Sour Cream 200g,in stock,new,2.79 GBP,https://example.com/product/550e8400-e29b-41d4-a716-446655400091,https://images.sumup.com/img_DFF834782586CE5AAD491D1A05,Pringles,Crisps • Snacks,Crisps • Snacks,7,,,,,,,,,,,,,,,,,,,,,,,,,,,,,,,,,,,
550e8400-e29b-41d4-a716-446655400092,Doritos Cool Original 150g,Doritos Cool Original 150g,in stock,new,1.89 GBP,https://example.com/product/550e8400-e29b-41d4-a716-446655400092,https://images.sumup.com/img_97C7BCD410BEC1CF4745B53CB9,Doritos,Crisps • Snacks,Crisps • Snacks,24,,,,,,,,,,,,,,,,,,,,,,,,,,,,,,,,,,,
550e8400-e29b-41d4-a716-446655400093,Doritos Cool Original 180g,Doritos Cool Original 180g,in stock,new,2.49 GBP,https://example.com/product/550e8400-e29b-41d4-a716-446655400093,https://images.sumup.com/img_97C7BCD410BEC1CF4745B53CB9,Doritos,Crisps • Snacks,Crisps • Snacks,8,,,,,,,,,,,,,,,,,,,,,,,,,,,,,,,,,,,
550e8400-e29b-41d4-a716-446655400094,Doritos Tangy Cheese 150g,Doritos Tangy Cheese 150g,in stock,new,1.89 GBP,https://example.com/product/550e8400-e29b-41d4-a716-446655400094,https://images.sumup.com/img_5963EBD6242D07C55716FBB8CF,Doritos,Crisps • Snacks,Crisps • Snacks,46,,,,,,,,,,,,,,,,,,,,,,,,,,,,,,,,,,,
550e8400-e29b-41d4-a716-446655400095,Doritos Tangy Cheese 180g,Doritos Tangy Cheese 180g,in stock,new,2.49 GBP,https://example.com/product/550e8400-e29b-41d4-a716-446655400095,https://images.sumup.com/img_5963EBD6242D07C55716FBB8CF,Doritos,Crisps • Snacks,Crisps • Snacks,31,,,,,,,,,,,,,,,,,,,,,,,,,,,,,,,,,,,
550e8400-e29b-41d4-a716-446655400096,Cheetos Twisted 85g,Cheetos Twisted 85g,in stock,new,1.39 GBP,https://example.com/product/550e8400-e29b-41d4-a716-446655400096,https://images.sumup.com/img_A976442AA49DAF29CFDE69698C,Cheetos,Crisps • Snacks,Crisps • Snacks,27,,,,,,,,,,,,,,,,,,,,,,,,,,,,,,,,,,,
550e8400-e29b-41d4-a716-446655400097,Kettle Chips Sea Salt 150g,Kettle Chips Sea Salt 150g,in stock,new,2.19 GBP,https://example.com/product/550e8400-e29b-41d4-a716-446655400097,https://images.sumup.com/img_369B3FBCC421E0D3B0EAF3A7DF,Kettle,Crisps • Snacks,Crisps • Snacks,28,,,,,,,,,,,,,,,,,,,,,,,,,,,,,,,,,,,
550e8400-e29b-41d4-a716-446655400098,Kettle Chips Mature Cheddar 150g,Kettle Chips Mature Cheddar 150g,in stock,new,2.19 GBP,https://example.com/product/550e8400-e29b-41d4-a716-446655400098,https://images.sumup.com/img_E1CC3C3F5728AF2D3BC4C6A077,Kettle,Crisps • Snacks,Crisps • Snacks,26,,,,,,,,,,,,,,,,,,,,,,,,,,,,,,,,,,,
550e8400-e29b-41d4-a716-446655400099,McCoy's Salt & Malt Vinegar 85g,McCoy's Salt & Malt Vinegar 85g,in stock,new,1.49 GBP,https://example.com/product/550e8400-e29b-41d4-a716-446655400099,https://images.sumup.com/img_3AD98CEE69157A0FB1A43CC492,,Crisps • Snacks,Crisps • Snacks,22,,,,,,,,,,,,,,,,,,,,,,,,,,,,,,,,,,,
550e8400-e29b-41d4-a716-446655400100,Tyrrells Sea Salt 150g,Tyrrells Sea Salt 150g,in stock,new,2.49 GBP,https://example.com/product/550e8400-e29b-41d4-a716-446655400100,https://images.sumup.com/img_2381D4D584DB08442B5BCEF8B8,,Crisps • Snacks,Crisps • Snacks,2,,,,,,,,,,,,,,,,,,,,,,,,,,,,,,,,,,,
550e8400-e29b-41d4-a716-446655400101,19 Crimes Chardonnay White Wine 750g,19 Crimes Chardonnay White Wine 750g,in stock,new,11.29 GBP,https://example.com/product/550e8400-e29b-41d4-a716-446655400101,https://images.sumup.com/img_18142A364AB4862EB840BB3903,19 Crimes,Wines,Wines,48,,,,,,,,,,,,,,,,,,,,,,,,,,,,,,,,,,,
550e8400-e29b-41d4-a716-446655400102,19 Crimes Red Blend 750g,19 Crimes Red Blend 750g,in stock,new,11.29 GBP,https://example.com/product/550e8400-e29b-41d4-a716-446655400102,https://images.sumup.com/img_0E202F72DC9F1C1496484CA095,19 Crimes,Wines,Wines,29,,,,,,,,,,,,,,,,,,,,,,,,,,,,,,,,,,,
550e8400-e29b-41d4-a716-446655400103,Yellowtail Shiraz 750g,Yellowtail Shiraz 750g,in stock,new,8.99 GBP,https://example.com/product/550e8400-e29b-41d4-a716-446655400103,https://images.sumup.com/img_FDE61DA14E9759AD6FB777684E,,Wines,Wines,42,,,,,,,,,,,,,,,,,,,,,,,,,,,,,,,,,,,
550e8400-e29b-41d4-a716-446655400104,Yellowtail Chardonnay 750g,Yellowtail Chardonnay 750g,in stock,new,8.99 GBP,https://example.com/product/550e8400-e29b-41d4-a716-446655400104,https://images.sumup.com/img_64965A27991BFB6BE21ABA371F,,Wines,Wines,6,,,,,,,,,,,,,,,,,,,,,,,,,,,,,,,,,,,
550e8400-e29b-41d4-a716-446655400105,Barefoot Merlot 750g,Barefoot Merlot 750g,in stock,new,7.99 GBP,https://example.com/product/550e8400-e29b-41d4-a716-446655400105,https://images.sumup.com/img_C774D7516D75816B4C64EC1063,,Wines,Wines,50,,,,,,,,,,,,,,,,,,,,,,,,,,,,,,,,,,,
550e8400-e29b-41d4-a716-446655400106,Barefoot Pinot Grigio 750g,Barefoot Pinot Grigio 750g,in stock,new,7.99 GBP,https://example.com/product/550e8400-e29b-41d4-a716-446655400106,https://images.sumup.com/img_1234576F9F3FF85C71A247485B,,Wines,Wines,5,,,,,,,,,,,,,,,,,,,,,,,,,,,,,,,,,,,
550e8400-e29b-41d4-a716-446655400107,Hardy's VR Shiraz 750g,Hardy's VR Shiraz 750g,in stock,new,6.99 GBP,https://example.com/product/550e8400-e29b-41d4-a716-446655400107,https://images.sumup.com/img_76124B14677A959A75B296F4B8,,Wines,Wines,49,,,,,,,,,,,,,,,,,,,,,,,,,,,,,,,,,,,
550e8400-e29b-41d4-a716-446655400108,Blossom Hill White 750g,Blossom Hill White 750g,in stock,new,5.99 GBP,https://example.com/product/550e8400-e29b-41d4-a716-446655400108,https://images.sumup.com/img_58BF1554BEE420F9AA21988E66,,Wines,Wines,39,,,,,,,,,,,,,,,,,,,,,,,,,,,,,,,,,,,
550e8400-e29b-41d4-a716-446655400109,Echo Falls White Zinfandel 750g,Echo Falls White Zinfandel 750g,in stock,new,6.49 GBP,https://example.com/product/550e8400-e29b-41d4-a716-446655400109,https://images.sumup.com/img_CD00AC3E6E8AEC4A5DE84A6000,,Wines,Wines,3,,,,,,,,,,,,,,,,,,,,,,,,,,,,,,,,,,,
550e8400-e29b-41d4-a716-446655400110,Lambrini Original 750g,Lambrini Original 750g,in stock,new,3.99 GBP,https://example.com/product/550e8400-e29b-41d4-a716-446655400110,https://images.sumup.com/img_1035B2AF82C969A78B6563E9F8,,Wines,Wines,48,,,,,,,,,,,,,,,,,,,,,,,,,,,,,,,,,,,
550e8400-e29b-41d4-a716-446655400111,Stella Artois Lager 440g,Stella Artois Lager 440g,in stock,new,1.89 GBP,https://example.com/product/550e8400-e29b-41d4-a716-446655400111,https://images.sumup.com/img_421021917A91DB3C8ACF0BAD89,Stella Artois,Beers,Beers,37,,,,,,,,,,,,,,,,,,,,,,,,,,,,,,,,,,,
550e8400-e29b-41d4-a716-446655400112,Stella Artois Lager 660g,Stella Artois Lager 660g,in stock,new,2.99 GBP,https://example.com/product/550e8400-e29b-41d4-a716-446655400112,https://images.sumup.com/img_421021917A91DB3C8ACF0BAD89,Stella Artois,Beers,Beers,39,,,,,,,,,,,,,,,,,,,,,,,,,,,,,,,,,,,
550e8400-e29b-41d4-a716-446655400113,Budweiser Lager 440g,Budweiser Lager 440g,in stock,new,1.69 GBP,https://example.com/product/550e8400-e29b-41d4-a716-446655400113,https://images.sumup.com/img_BC0787B9CBB166DBF2DD1E2D98,Budweiser,Beers,Beers,18,,,,,,,,,,,,,,,,,,,,,,,,,,,,,,,,,,,
550e8400-e29b-41d4-a716-446655400114,Budweiser Lager 660g,Budweiser Lager 660g,in stock,new,2.79 GBP,https://example.com/product/550e8400-e29b-41d4-a716-446655400114,https://images.sumup.com/img_BC0787B9CBB166DBF2DD1E2D98,Budweiser,Beers,Beers,39,,,,,,,,,,,,,,,,,,,,,,,,,,,,,,,,,,,
550e8400-e29b-41d4-a716-446655400115,Guinness Draught 440g,Guinness Draught 440g,in stock,new,2.19 GBP,https://example.com/product/550e8400-e29b-41d4-a716-446655400115,https://images.sumup.com/img_53DE3D8517C777EA4AB2A1DF63,Guinness,Beers,Beers,5,,,,,,,,,,,,,,,,,,,,,,,,,,,,,,,,,,,
550e8400-e29b-41d4-a716-446655400116,Guinness Draught 500g,Guinness Draught 500g,in stock,new,2.59 GBP,https://example.com/product/550e8400-e29b-41d4-a716-446655400116,https://images.sumup.com/img_53DE3D8517C777EA4AB2A1DF63,Guinness,Beers,Beers,19,,,,,,,,,,,,,,,,,,,,,,,,,,,,,,,,,,,
550e8400-e29b-41d4-a716-446655400117,Heineken Lager 440g,Heineken Lager 440g,in stock,new,1.99 GBP,https://example.com/product/550e8400-e29b-41d4-a716-446655400117,https://images.sumup.com/img_3B90142E9D6C3BA424F85FFC40,Heineken,Beers,Beers,19,,,,,,,,,,,,,,,,,,,,,,,,,,,,,,,,,,,
550e8400-e29b-41d4-a716-446655400118,Heineken Lager 650g,Heineken Lager 650g,in stock,new,2.89 GBP,https://example.com/product/550e8400-e29b-41d4-a716-446655400118,https://images.sumup.com/img_3B90142E9D6C3BA424F85FFC40,Heineken,Beers,Beers,20,,,,,,,,,,,,,,,,,,,,,,,,,,,,,,,,,,,
550e8400-e29b-41d4-a716-446655400119,Corona Extra 330g,Corona Extra 330g,in stock,new,1.99 GBP,https://example.com/product/550e8400-e29b-41d4-a716-446655400119,https://images.sumup.com/img_0286381C369C1F043B25D7F053,Corona,Beers,Beers,25,,,,,,,,,,,,,,,,,,,,,,,,,,,,,,,,,,,
550e8400-e29b-41d4-a716-446655400120,Corona Extra 355g,Corona Extra 355g,in stock,new,2.19 GBP,https://example.com/product/550e8400-e29b-41d4-a716-446655400120,https://images.sumup.com/img_0286381C369C1F043B25D7F053,Corona,Beers,Beers,2,,,,,,,,,,,,,,,,,,,,,,,,,,,,,,,,,,,
550e8400-e29b-41d4-a716-446655400121,Carlsberg Pilsner 440g,Carlsberg Pilsner 440g,in stock,new,1.79 GBP,https://example.com/product/550e8400-e29b-41d4-a716-446655400121,https://images.sumup.com/img_072E9CA7579AB3DA23DB963FF5,Carlsberg,Beers,Beers,19,,,,,,,,,,,,,,,,,,,,,,,,,,,,,,,,,,,
550e8400-e29b-41d4-a716-446655400122,Carlsberg Pilsner 568g,Carlsberg Pilsner 568g,in stock,new,2.49 GBP,https://example.com/product/550e8400-e29b-41d4-a716-446655400122,https://images.sumup.com/img_072E9CA7579AB3DA23DB963FF5,Carlsberg,Beers,Beers,12,,,,,,,,,,,,,,,,,,,,,,,,,,,,,,,,,,,
550e8400-e29b-41d4-a716-446655400123,Peroni Nastro Azzurro 330g,Peroni Nastro Azzurro 330g,in stock,new,1.99 GBP,https://example.com/product/550e8400-e29b-41d4-a716-446655400123,https://images.sumup.com/img_FC6147BC2BDAFC6AC6208E37EE,,Beers,Beers,6,,,,,,,,,,,,,,,,,,,,,,,,,,,,,,,,,,,
550e8400-e29b-41d4-a716-446655400124,Peroni Nastro Azzurro 660g,Peroni Nastro Azzurro 660g,in stock,new,3.49 GBP,https://example.com/product/550e8400-e29b-41d4-a716-446655400124,https://images.sumup.com/img_FC6147BC2BDAFC6AC6208E37EE,,Beers,Beers,34,,,,,,,,,,,,,,,,,,,,,,,,,,,,,,,,,,,
550e8400-e29b-41d4-a716-446655400125,San Miguel Lager 330g,San Miguel Lager 330g,in stock,new,1.89 GBP,https://example.com/product/550e8400-e29b-41d4-a716-446655400125,https://images.sumup.com/img_583218DA16DFBB8C9E902ACF54,,Beers,Beers,13,,,,,,,,,,,,,,,,,,,,,,,,,,,,,,,,,,,
550e8400-e29b-41d4-a716-446655400126,San Miguel Lager 660g,San Miguel Lager 660g,in stock,new,3.29 GBP,https://example.com/product/550e8400-e29b-41d4-a716-446655400126,https://images.sumup.com/img_583218DA16DFBB8C9E902ACF54,,Beers,Beers,26,,,,,,,,,,,,,,,,,,,,,,,,,,,,,,,,,,,
550e8400-e29b-41d4-a716-446655400127,Desperados Tequila Beer 330g,Desperados Tequila Beer 330g,in stock,new,1.99 GBP,https://example.com/product/550e8400-e29b-41d4-a716-446655400127,https://images.sumup.com/img_E04858329025875770F1B32167,,Beers,Beers,46,,,,,,,,,,,,,,,,,,,,,,,,,,,,,,,,,,,
550e8400-e29b-41d4-a716-446655400128,Desperados Tequila Beer 650g,Desperados Tequila Beer 650g,in stock,new,3.49 GBP,https://example.com/product/550e8400-e29b-41d4-a716-446655400128,https://images.sumup.com/img_E04858329025875770F1B32167,,Beers,Beers,45,,,,,,,,,,,,,,,,,,,,,,,,,,,,,,,,,,,
550e8400-e29b-41d4-a716-446655400129,Old Speckled Hen 500g,Old Speckled Hen 500g,in stock,new,2.29 GBP,https://example.com/product/550e8400-e29b-41d4-a716-446655400129,https://images.sumup.com/img_033231E2E54ABF8E280A88CD42,,Beers,Beers,26,,,,,,,,,,,,,,,,,,,,,,,,,,,,,,,,,,,
550e8400-e29b-41d4-a716-446655400130,Jack Daniels Tennessee Whiskey 700g,Jack Daniels Tennessee Whiskey 700g,in stock,new,25.99 GBP,https://example.com/product/550e8400-e29b-41d4-a716-446655400130,https://images.sumup.com/img_B67E08FFDE3373ACAD347AE344,Jack Daniels,Spirits,Spirits,30,,,,,,,,,,,,,,,,,,,,,,,,,,,,,,,,,,,
550e8400-e29b-41d4-a716-446655400131,Smirnoff Vodka 350g,Smirnoff Vodka 350g,in stock,new,13.99 GBP,https://example.com/product/550e8400-e29b-41d4-a716-446655400131,https://images.sumup.com/img_62B45597B9E9FFD63D6D36E17C,Smirnoff,Spirits,Spirits,38,,,,,,,,,,,,,,,,,,,,,,,,,,,,,,,,,,,
550e8400-e29b-41d4-a716-446655400132,Smirnoff Vodka 700g,Smirnoff Vodka 700g,in stock,new,18.99 GBP,https://example.com/product/550e8400-e29b-41d4-a716-446655400132,https://images.sumup.com/img_62B45597B9E9FFD63D6D36E17C,Smirnoff,Spirits,Spirits,19,,,,,,,,,,,,,,,,,,,,,,,,,,,,,,,,,,,
550e8400-e29b-41d4-a716-446655400133,Gordon's London Dry Gin 350g,Gordon's London Dry Gin 350g,in stock,new,11.99 GBP,https://example.com/product/550e8400-e29b-41d4-a716-446655400133,https://images.sumup.com/img_B180E22086BFDED24447FB292A,Gordon's,Spirits,Spirits,50,,,,,,,,,,,,,,,,,,,,,,,,,,,,,,,,,,,
550e8400-e29b-41d4-a716-446655400134,Gordon's London Dry Gin 700g,Gordon's London Dry Gin 700g,in stock,new,16.99 GBP,https://example.com/product/550e8400-e29b-41d4-a716-446655400134,https://images.sumup.com/img_B180E22086BFDED24447FB292A,Gordon's,Spirits,Spirits,47,,,,,,,,,,,,,,,,,,,,,,,,,,,,,,,,,,,
550e8400-e29b-41d4-a716-446655400135,Bacardi Carta Blanca Rum 350g,Bacardi Carta Blanca Rum 350g,in stock,new,11.99 GBP,https://example.com/product/550e8400-e29b-41d4-a716-446655400135,https://images.sumup.com/img_CEC8CE923866DEC847F2BB8830,Bacardi,Spirits,Spirits,48,,,,,,,,,,,,,,,,,,,,,,,,,,,,,,,,,,,
550e8400-e29b-41d4-a716-446655400136,Bacardi Carta Blanca Rum 700g,Bacardi Carta Blanca Rum 700g,in stock,new,17.49 GBP,https://example.com/product/550e8400-e29b-41d4-a716-446655400136,https://images.sumup.com/img_CEC8CE923866DEC847F2BB8830,Bacardi,Spirits,Spirits,23,,,,,,,,,,,,,,,,,,,,,,,,,,,,,,,,,,,
550e8400-e29b-41d4-a716-446655400137,Captain Morgan Spiced Gold Rum 350g,Captain Morgan Spiced Gold Rum 350g,in stock,new,11.99 GBP,https://example.com/product/550e8400-e29b-41d4-a716-446655400137,https://images.sumup.com/img_FDF42E1214194FAAB2CFDEA9A2,Captain Morgan,Spirits,Spirits,20,,,,,,,,,,,,,,,,,,,,,,,,,,,,,,,,,,,
550e8400-e29b-41d4-a716-446655400138,Captain Morgan Spiced Gold Rum 700g,Captain Morgan Spiced Gold Rum 700g,in stock,new,16.99 GBP,https://example.com/product/550e8400-e29b-41d4-a716-446655400138,https://images.sumup.com/img_FDF42E1214194FAAB2CFDEA9A2,Captain Morgan,Spirits,Spirits,43,,,,,,,,,,,,,,,,,,,,,,,,,,,,,,,,,,,
550e8400-e29b-41d4-a716-446655400139,Jameson Irish Whiskey 350g,Jameson Irish Whiskey 350g,in stock,new,15.99 GBP,https://example.com/product/550e8400-e29b-41d4-a716-446655400139,https://images.sumup.com/img_DD31B2C25B6788216F812511E4,Jameson,Spirits,Spirits,30,,,,,,,,,,,,,,,,,,,,,,,,,,,,,,,,,,,
550e8400-e29b-41d4-a716-446655400140,Jameson Irish Whiskey 700g,Jameson Irish Whiskey 700g,out of stock,new,24.99 GBP,https://example.com/product/550e8400-e29b-41d4-a716-446655400140,https://images.sumup.com/img_DD31B2C25B6788216F812511E4,Jameson,Spirits,Spirits,0,,,,,,,,,,,,,,,,,,,,,,,,,,,,,,,,,,,
550e8400-e29b-41d4-a716-446655400141,Famous Grouse Scotch Whisky 700g,Famous Grouse Scotch Whisky 700g,in stock,new,19.99 GBP,https://example.com/product/550e8400-e29b-41d4-a716-446655400141,https://images.sumup.com/img_E8C0ED8345E4CC9C3A931191E0,,Spirits,Spirits,2,,,,,,,,,,,,,,,,,,,,,,,,,,,,,,,,,,,
550e8400-e29b-41d4-a716-446655400142,Bells Original Whisky 700g,Bells Original Whisky 700g,in stock,new,18.99 GBP,https://example.com/product/550e8400-e29b-41d4-a716-446655400142,https://images.sumup.com/img_5721A4F9A0B714489B7CF5A65E,,Spirits,Spirits,10,,,,,,,,,,,,,,,,,,,,,,,,,,,,,,,,,,,
550e8400-e29b-41d4-a716-446655400143,Glenfiddich 12 Year Old 700g,Glenfiddich 12 Year Old 700g,in stock,new,34.99 GBP,https://example.com/product/550e8400-e29b-41d4-a716-446655400143,https://images.sumup.com/img_607E82DA02C35C0CAD04828DD8,,Spirits,Spirits,36,,,,,,,,,,,,,,,,,,,,,,,,,,,,,,,,,,,
550e8400-e29b-41d4-a716-446655400144,Absolut Vodka 700g,Absolut Vodka 700g,in stock,new,19.99 GBP,https://example.com/product/550e8400-e29b-41d4-a716-446655400144,https://images.sumup.com/img_BF535C11E8000B113A342D5DD1,,Spirits,Spirits,38,,,,,,,,,,,,,,,,,,,,,,,,,,,,,,,,,,,
550e8400-e29b-41d4-a716-446655400145,Baileys Original Irish Cream 350g,Baileys Original Irish Cream 350g,in stock,new,9.99 GBP,https://example.com/product/550e8400-e29b-41d4-a716-446655400145,https://images.sumup.com/img_FBB9468089CBC8084941C62C8F,Baileys,Liqueurs,Liqueurs,36,,,,,,,,,,,,,,,,,,,,,,,,,,,,,,,,,,,
550e8400-e29b-41d4-a716-446655400146,Baileys Original Irish Cream 700g,Baileys Original Irish Cream 700g,in stock,new,15.99 GBP,https://example.com/product/550e8400-e29b-41d4-a716-446655400146,https://images.sumup.com/img_FBB9468089CBC8084941C62C8F,Baileys,Liqueurs,Liqueurs,18,,,,,,,,,,,,,,,,,,,,,,,,,,,,,,,,,,,
550e8400-e29b-41d4-a716-446655400147,Baileys Strawberries & Cream 700g,Baileys Strawberries & Cream 700g,in stock,new,15.99 GBP,https://example.com/product/550e8400-e29b-41d4-a716-446655400147,https://images.sumup.com/img_F1FEC854FDB1F78FEDF78DB73F,Baileys,Liqueurs,Liqueurs,11,,,,,,,,,,,,,,,,,,,,,,,,,,,,,,,,,,,
550e8400-e29b-41d4-a716-446655400148,Malibu Caribbean Rum 700g,Malibu Caribbean Rum 700g,in stock,new,15.99 GBP,https://example.com/product/550e8400-e29b-41d4-a716-446655400148,https://images.sumup.com/img_6B7694FFCE42A6CDF71C207CB0,,Liqueurs,Liqueurs,3,,,,,,,,,,,,,,,,,,,,,,,,,,,,,,,,,,,
550e8400-e29b-41d4-a716-446655400149,Disaronno Amaretto 700g,Disaronno Amaretto 700g,in stock,new,19.99 GBP,https://example.com/product/550e8400-e29b-41d4-a716-446655400149,https://images.sumup.com/img_C2D65B7C9FC81BFE595F052FE5,,Liqueurs,Liqueurs,2,,,,,,,,,,,,,,,,,,,,,,,,,,,,,,,,,,,
550e8400-e29b-41d4-a716-446655400150,Jagermeister 350g,Jagermeister 350g,in stock,new,12.99 GBP,https://example.com/product/550e8400-e29b-41d4-a716-446655400150,https://images.sumup.com/img_1D07836EBC513904D6A17DC6C7,,Liqueurs,Liqueurs,8,,,,,,,,,,,,,,,,,,,,,,,,,,,,,,,,,,,
550e8400-e29b-41d4-a716-446655400151,Jagermeister 700g,Jagermeister 700g,in stock,new,21.99 GBP,https://example.com/product/550e8400-e29b-41d4-a716-446655400151,https://images.sumup.com/img_1D07836EBC513904D6A17DC6C7,,Liqueurs,Liqueurs,43,,,,,,,,,,,,,,,,,,,,,,,,,,,,,,,,,,,
550e8400-e29b-41d4-a716-446655400152,Kahlua Coffee Liqueur 700g,Kahlua Coffee Liqueur 700g,in stock,new,16.99 GBP,https://example.com/product/550e8400-e29b-41d4-a716-446655400152,https://images.sumup.com/img_74621E65CB55670C992D15A2FB,,Liqueurs,Liqueurs,31,,,,,,,,,,,,,,,,,,,,,,,,,,,,,,,,,,,
550e8400-e29b-41d4-a716-446655400153,Tia Maria Coffee Liqueur 700g,Tia Maria Coffee Liqueur 700g,out of stock,new,15.99 GBP,https://example.com/product/550e8400-e29b-41d4-a716-446655400153,https://images.sumup.com/img_3C839E4C2A9A8CD557CCF67656,,Liqueurs,Liqueurs,0,,,,,,,,,,,,,,,,,,,,,,,,,,,,,,,,,,,
550e8400-e29b-41d4-a716-446655400154,Nescafe Gold Blend 100g,Nescafe Gold Blend 100g,in stock,new,5.99 GBP,https://example.com/product/550e8400-e29b-41d4-a716-446655400154,https://images.sumup.com/img_BF24D8ABC25AF70214E5CDE6CC,Nescafe,Coffee • Tea,Coffee • Tea,49,,,,,,,,,,,,,,,,,,,,,,,,,,,,,,,,,,,
550e8400-e29b-41d4-a716-446655400155,Nescafe Gold Blend 200g,Nescafe Gold Blend 200g,in stock,new,9.99 GBP,https://example.com/product/550e8400-e29b-41d4-a716-446655400155,https://images.sumup.com/img_BF24D8ABC25AF70214E5CDE6CC,Nescafe,Coffee • Tea,Coffee • Tea,17,,,,,,,,,,,,,,,,,,,,,,,,,,,,,,,,,,,
550e8400-e29b-41d4-a716-446655400156,Nescafe Original 100g,Nescafe Original 100g,in stock,new,4.99 GBP,https://example.com/product/550e8400-e29b-41d4-a716-446655400156,https://images.sumup.com/img_BAD294475EC2C34EF6D96DEC5B,Nescafe,Coffee • Tea,Coffee • Tea,31,,,,,,,,,,,,,,,,,,,,,,,,,,,,,,,,,,,
550e8400-e29b-41d4-a716-446655400157,Nescafe Original 200g,Nescafe Original 200g,in stock,new,8.99 GBP,https://example.com/product/550e8400-e29b-41d4-a716-446655400157,https://images.sumup.com/img_BAD294475EC2C34EF6D96DEC5B,Nescafe,Coffee • Tea,Coffee • Tea,3,,,,,,,,,,,,,,,,,,,,,,,,,,,,,,,,,,,
550e8400-e29b-41d4-a716-446655400158,Douwe Egberts Pure Gold 95g,Douwe Egberts Pure Gold 95g,in stock,new,5.49 GBP,https://example.com/product/550e8400-e29b-41d4-a716-446655400158,https://images.sumup.com/img_5983F61B3F26282ED13BE0F788,,Coffee • Tea,Coffee • Tea,33,,,,,,,,,,,,,,,,,,,,,,,,,,,,,,,,,,,
550e8400-e29b-41d4-a716-446655400159,Douwe Egberts Pure Gold 190g,Douwe Egberts Pure Gold 190g,in stock,new,9.49 GBP,https://example.com/product/550e8400-e29b-41d4-a716-446655400159,https://images.sumup.com/img_5983F61B3F26282ED13BE0F788,,Coffee • Tea,Coffee • Tea,49,,,,,,,,,,,,,,,,,,,,,,,,,,,,,,,,,,,
550e8400-e29b-41d4-a716-446655400160,Kenco Smooth 100g,Kenco Smooth 100g,in stock,new,5.99 GBP,https://example.com/product/550e8400-e29b-41d4-a716-446655400160,https://images.sumup.com/img_CF63F33360A765C5D09249DAA2,,Coffee • Tea,Coffee • Tea,46,,,,,,,,,,,,,,,,,,,,,,,,,,,,,,,,,,,
550e8400-e29b-41d4-a716-446655400161,Kenco Smooth 200g,Kenco Smooth 200g,in stock,new,9.99 GBP,https://example.com/product/550e8400-e29b-41d4-a716-446655400161,https://images.sumup.com/img_CF63F33360A765C5D09249DAA2,,Coffee • Tea,Coffee • Tea,25,,,,,,,,,,,,,,,,,,,,,,,,,,,,,,,,,,,
550e8400-e29b-41d4-a716-446655400162,Nestle Coffee Mate 400g,Nestle Coffee Mate 400g,in stock,new,3.99 GBP,https://example.com/product/550e8400-e29b-41d4-a716-446655400162,https://images.sumup.com/img_6BA2A4398F847E4980A6B21DA7,Nestle,Coffee • Tea,Coffee • Tea,25,,,,,,,,,,,,,,,,,,,,,,,,,,,,,,,,,,,
550e8400-e29b-41d4-a716-446655400163,Nestle Coffee Mate 500g,Nestle Coffee Mate 500g,in stock,new,4.99 GBP,https://example.com/product/550e8400-e29b-41d4-a716-446655400163,https://images.sumup.com/img_6BA2A4398F847E4980A6B21DA7,Nestle,Coffee • Tea,Coffee • Tea,7,,,,,,,,,,,,,,,,,,,,,,,,,,,,,,,,,,,
550e8400-e29b-41d4-a716-446655400164,PG Tips Tea Bags 80g,PG Tips Tea Bags 80g,in stock,new,2.99 GBP,https://example.com/product/550e8400-e29b-41d4-a716-446655400164,https://images.sumup.com/img_A3FE915F04AE63E4E23CA46995,,Coffee • Tea,Coffee • Tea,21,,,,,,,,,,,,,,,,,,,,,,,,,,,,,,,,,,,
550e8400-e29b-41d4-a716-446655400165,PG Tips Tea Bags 160g,PG Tips Tea Bags 160g,in stock,new,4.99 GBP,https://example.com/product/550e8400-e29b-41d4-a716-446655400165,https://images.sumup.com/img_A3FE915F04AE63E4E23CA46995,,Coffee • Tea,Coffee • Tea,7,,,,,,,,,,,,,,,,,,,,,,,,,,,,,,,,,,,
550e8400-e29b-41d4-a716-446655400166,PG Tips Tea Bags 240g,PG Tips Tea Bags 240g,in stock,new,6.99 GBP,https://example.com/product/550e8400-e29b-41d4-a716-446655400166,https://images.sumup.com/img_A3FE915F04AE63E4E23CA46995,,Coffee • Tea,Coffee • Tea,1,,,,,,,,,,,,,,,,,,,,,,,,,,,,,,,,,,,
550e8400-e29b-41d4-a716-446655400167,Tetley Tea Bags 80g,Tetley Tea Bags 80g,in stock,new,2.79 GBP,https://example.com/product/550e8400-e29b-41d4-a716-446655400167,https://images.sumup.com/img_25F8AC222BAE5B6D03247DEF61,,Coffee • Tea,Coffee • Tea,3,,,,,,,,,,,,,,,,,,,,,,,,,,,,,,,,,,,
550e8400-e29b-41d4-a716-446655400168,Tetley Tea Bags 160g,Tetley Tea Bags 160g,in stock,new,4.79 GBP,https://example.com/product/550e8400-e29b-41d4-a716-446655400168,https://images.sumup.com/img_25F8AC222BAE5B6D03247DEF61,,Coffee • Tea,Coffee • Tea,22,,,,,,,,,,,,,,,,,,,,,,,,,,,,,,,,,,,
550e8400-e29b-41d4-a716-446655400169,Tetley Tea Bags 240g,Tetley Tea Bags 240g,in stock,new,6.79 GBP,https://example.com/product/550e8400-e29b-41d4-a716-446655400169,https://images.sumup.com/img_25F8AC222BAE5B6D03247DEF61,,Coffee • Tea,Coffee • Tea,23,,,,,,,,,,,,,,,,,,,,,,,,,,,,,,,,,,,
550e8400-e29b-41d4-a716-446655400170,Yorkshire Tea Bags 80g,Yorkshire Tea Bags 80g,in stock,new,2.99 GBP,https://example.com/product/550e8400-e29b-41d4-a716-446655400170,https://images.sumup.com/img_0B1EC776E778DBFF5C2EE138C6,,Coffee • Tea,Coffee • Tea,49,,,,,,,,,,,,,,,,,,,,,,,,,,,,,,,,,,,
550e8400-e29b-41d4-a716-446655400171,Yorkshire Tea Bags 160g,Yorkshire Tea Bags 160g,in stock,new,4.99 GBP,https://example.com/product/550e8400-e29b-41d4-a716-446655400171,https://images.sumup.com/img_0B1EC776E778DBFF5C2EE138C6,,Coffee • Tea,Coffee • Tea,22,,,,,,,,,,,,,,,,,,,,,,,,,,,,,,,,,,,
550e8400-e29b-41d4-a716-446655400172,Yorkshire Tea Bags 240g,Yorkshire Tea Bags 240g,in stock,new,6.99 GBP,https://example.com/product/550e8400-e29b-41d4-a716-446655400172,https://images.sumup.com/img_0B1EC776E778DBFF5C2EE138C6,,Coffee • Tea,Coffee • Tea,14,,,,,,,,,,,,,,,,,,,,,,,,,,,,,,,,,,,
550e8400-e29b-41d4-a716-446655400173,Twinings English Breakfast 80g,Twinings English Breakfast 80g,in stock,new,3.49 GBP,https://example.com/product/550e8400-e29b-41d4-a716-446655400173,https://images.sumup.com/img_7D89C0A7A4260BA8D6A5F8CED5,,Coffee • Tea,Coffee • Tea,21,,,,,,,,,,,,,,,,,,,,,,,,,,,,,,,,,,,
550e8400-e29b-41d4-a716-446655400174,Twinings English Breakfast 200g,Twinings English Breakfast 200g,in stock,new,6.99 GBP,https://example.com/product/550e8400-e29b-41d4-a716-446655400174,https://images.sumup.com/img_7D89C0A7A4260BA8D6A5F8CED5,,Coffee • Tea,Coffee • Tea,18,,,,,,,,,,,,,,,,,,,,,,,,,,,,,,,,,,,
550e8400-e29b-41d4-a716-446655400175,Kellogg's Corn Flakes 500g,Kellogg's Corn Flakes 500g,in stock,new,3.29 GBP,https://example.com/product/550e8400-e29b-41d4-a716-446655400175,https://images.sumup.com/img_6C10DF2DDFF5D376720DA23A0F,Kellogg's,Breakfast Cereals,Breakfast Cereals,2,,,,,,,,,,,,,,,,,,,,,,,,,,,,,,,,,,,
550e8400-e29b-41d4-a716-446655400176,Kellogg's Corn Flakes 750g,Kellogg's Corn Flakes 750g,in stock,new,4.49 GBP,https://example.com/product/550e8400-e29b-41d4-a716-446655400176,https://images.sumup.com/img_6C10DF2DDFF5D376720DA23A0F,Kellogg's,Breakfast Cereals,Breakfast Cereals,15,,,,,,,,,,,,,,,,,,,,,,,,,,,,,,,,,,,
550e8400-e29b-41d4-a716-446655400177,Kellogg's Coco Pops 480g,Kellogg's Coco Pops 480g,in stock,new,3.49 GBP,https://example.com/product/550e8400-e29b-41d4-a716-446655400177,https://images.sumup.com/img_8E8BFC5EDC47E21050C8699F65,Kellogg's,Breakfast Cereals,Breakfast Cereals,41,,,,,,,,,,,,,,,,,,,,,,,,,,,,,,,,,,,
550e8400-e29b-41d4-a716-446655400178,Kellogg's Coco Pops 720g,Kellogg's Coco Pops 720g,in stock,new,4.99 GBP,https://example.com/product/550e8400-e29b-41d4-a716-446655400178,https://images.sumup.com/img_8E8BFC5EDC47E21050C8699F65,Kellogg's,Breakfast Cereals,Breakfast Cereals,40,,,,,,,,,,,,,,,,,,,,,,,,,,,,,,,,,,,
550e8400-e29b-41d4-a716-446655400179,Kellogg's Frosties 500g,Kellogg's Frosties 500g,in stock,new,3.49 GBP,https://example.com/product/550e8400-e29b-41d4-a716-446655400179,https://images.sumup.com/img_3A31664FD377AFE8CCB660454C,Kellogg's,Breakfast Cereals,Breakfast Cereals,31,,,,,,,,,,,,,,,,,,,,,,,,,,,,,,,,,,,
550e8400-e29b-41d4-a716-446655400180,Kellogg's Frosties 750g,Kellogg's Frosties 750g,out of stock,new,4.99 GBP,https://example.com/product/550e8400-e29b-41d4-a716-446655400180,https://images.sumup.com/img_3A31664FD377AFE8CCB660454C,Kellogg's,Breakfast Cereals,Breakfast Cereals,0,,,,,,,,,,,,,,,,,,,,,,,,,,,,,,,,,,,
550e8400-e29b-41d4-a716-446655400181,Kellogg's Special K 500g,Kellogg's Special K 500g,in stock,new,3.99 GBP,https://example.com/product/550e8400-e29b-41d4-a716-446655400181,https://images.sumup.com/img_1A0CCD87CBF4BD4D0E8293FCA2,Kellogg's,Breakfast Cereals,Breakfast Cereals,20,,,,,,,,,,,,,,,,,,,,,,,,,,,,,,,,,,,
550e8400-e29b-41d4-a716-446655400182,Kellogg's Special K 550g,Kellogg's Special K 550g,in stock,new,4.99 GBP,https://example.com/product/550e8400-e29b-41d4-a716-446655400182,https://images.sumup.com/img_1A0CCD87CBF4BD4D0E8293FCA2,Kellogg's,Breakfast Cereals,Breakfast Cereals,22,,,,,,,,,,,,,,,,,,,,,,,,,,,,,,,,,,,
550e8400-e29b-41d4-a716-446655400183,Nestle Cheerios 375g,Nestle Cheerios 375g,in stock,new,2.99 GBP,https://example.com/product/550e8400-e29b-41d4-a716-446655400183,https://images.sumup.com/img_607482BCEFA2F2C8DE56FBA530,Nestle,Breakfast Cereals,Breakfast Cereals,4,,,,,,,,,,,,,,,,,,,,,,,,,,,,,,,,,,,
550e8400-e29b-41d4-a716-446655400184,Nestle Cheerios 600g,Nestle Cheerios 600g,in stock,new,4.49 GBP,https://example.com/product/550e8400-e29b-41d4-a716-446655400184,https://images.sumup.com/img_607482BCEFA2F2C8DE56FBA530,Nestle,Breakfast Cereals,Breakfast Cereals,30,,,,,,,,,,,,,,,,,,,,,,,,,,,,,,,,,,,
550e8400-e29b-41d4-a716-446655400185,Nestle Shreddies 415g,Nestle Shreddies 415g,in stock,new,2.99 GBP,https://example.com/product/550e8400-e29b-41d4-a716-446655400185,https://images.sumup.com/img_FCB07F9C5F5D59A88DEB7CC8C2,Nestle,Breakfast Cereals,Breakfast Cereals,10,,,,,,,,,,,,,,,,,,,,,,,,,,,,,,,,,,,
550e8400-e29b-41d4-a716-446655400186,Nestle Shreddies 675g,Nestle Shreddies 675g,in stock,new,4.49 GBP,https://example.com/product/550e8400-e29b-41d4-a716-446655400186,https://images.sumup.com/img_FCB07F9C5F5D59A88DEB7CC8C2,Nestle,Breakfast Cereals,Breakfast Cereals,11,,,,,,,,,,,,,,,,,,,,,,,,,,,,,,,,,,,
550e8400-e29b-41d4-a716-446655400187,Weetabix Original 24g,Weetabix Original 24g,in stock,new,2.49 GBP,https://example.com/product/550e8400-e29b-41d4-a716-446655400187,https://images.sumup.com/img_829C916EEE1CA1C093E2AD07EF,,Breakfast Cereals,Breakfast Cereals,1,,,,,,,,,,,,,,,,,,,,,,,,,,,,,,,,,,,
550e8400-e29b-41d4-a716-446655400188,Weetabix Original 48g,Weetabix Original 48g,in stock,new,3.99 GBP,https://example.com/product/550e8400-e29b-41d4-a716-446655400188,https://images.sumup.com/img_829C916EEE1CA1C093E2AD07EF,,Breakfast Cereals,Breakfast Cereals,50,,,,,,,,,,,,,,,,,,,,,,,,,,,,,,,,,,,
550e8400-e29b-41d4-a716-446655400189,Weetabix Original 72g,Weetabix Original 72g,in stock,new,5.49 GBP,https://example.com/product/550e8400-e29b-41d4-a716-446655400189,https://images.sumup.com/img_829C916EEE1CA1C093E2AD07EF,,Breakfast Cereals,Breakfast Cereals,4,,,,,,,,,,,,,,,,,,,,,,,,,,,,,,,,,,,
550e8400-e29b-41d4-a716-446655400190,Quaker Oats So Simple 324g,Quaker Oats So Simple 324g,in stock,new,2.99 GBP,https://example.com/product/550e8400-e29b-41d4-a716-446655400190,https://images.sumup.com/img_19FCF432A533546959EEE3D156,,Breakfast Cereals,Breakfast Cereals,30,,,,,,,,,,,,,,,,,,,,,,,,,,,,,,,,,,,
550e8400-e29b-41d4-a716-446655400191,Quaker Oats So Simple 432g,Quaker Oats So Simple 432g,in stock,new,3.99 GBP,https://example.com/product/550e8400-e29b-41d4-a716-446655400191,https://images.sumup.com/img_19FCF432A533546959EEE3D156,,Breakfast Cereals,Breakfast Cereals,22,,,,,,,,,,,,,,,,,,,,,,,,,,,,,,,,,,,
550e8400-e29b-41d4-a716-446655400192,McVitie's Digestives 300g,McVitie's Digestives 300g,in stock,new,1.49 GBP,https://example.com/product/550e8400-e29b-41d4-a716-446655400192,https://images.sumup.com/img_6732DFC1E3C6604F6B5F0B5E0A,McVitie's,Biscuits • Cookies,Biscuits • Cookies,47,,,,,,,,,,,,,,,,,,,,,,,,,,,,,,,,,,,
550e8400-e29b-41d4-a716-446655400193,McVitie's Digestives 400g,McVitie's Digestives 400g,in stock,new,1.99 GBP,https://example.com/product/550e8400-e29b-41d4-a716-446655400193,https://images.sumup.com/img_6732DFC1E3C6604F6B5F0B5E0A,McVitie's,Biscuits • Cookies,Biscuits • Cookies,40,,,,,,,,,,,,,,,,,,,,,,,,,,,,,,,,,,,
550e8400-e29b-41d4-a716-446655400194,McVitie's Digestives 500g,McVitie's Digestives 500g,in stock,new,2.49 GBP,https://example.com/product/550e8400-e29b-41d4-a716-446655400194,https://images.sumup.com/img_6732DFC1E3C6604F6B5F0B5E0A,McVitie's,Biscuits • Cookies,Biscuits • Cookies,47,,,,,,,,,,,,,,,,,,,,,,,,,,,,,,,,,,,
550e8400-e29b-41d4-a716-446655400195,McVitie's Chocolate Digestives 266g,McVitie's Chocolate Digestives 266g,in stock,new,1.79 GBP,https://example.com/product/550e8400-e29b-41d4-a716-446655400195,https://images.sumup.com/img_A3A9FD7F803619C2423B693F5A,McVitie's,Biscuits • Cookies,Biscuits • Cookies,47,,,,,,,,,,,,,,,,,,,,,,,,,,,,,,,,,,,
550e8400-e29b-41d4-a716-446655400196,McVitie's Chocolate Digestives 433g,McVitie's Chocolate Digestives 433g,in stock,new,2.79 GBP,https://example.com/product/550e8400-e29b-41d4-a716-446655400196,https://images.sumup.com/img_A3A9FD7F803619C2423B693F5A,McVitie's,Biscuits • Cookies,Biscuits • Cookies,31,,,,,,,,,,,,,,,,,,,,,,,,,,,,,,,,,,,
550e8400-e29b-41d4-a716-446655400197,McVitie's Hobnobs 300g,McVitie's Hobnobs 300g,in stock,new,1.49 GBP,https://example.com/product/550e8400-e29b-41d4-a716-446655400197,https://images.sumup.com/img_DB6AD1B1D00280C564593F051D,McVitie's,Biscuits • Cookies,Biscuits • Cookies,5,,,,,,,,,,,,,,,,,,,,,,,,,,,,,,,,,,,
550e8400-e29b-41d4-a716-446655400198,McVitie's Hobnobs 500g,McVitie's Hobnobs 500g,in stock,new,2.49 GBP,https://example.com/product/550e8400-e29b-41d4-a716-446655400198,https://images.sumup.com/img_DB6AD1B1D00280C564593F051D,McVitie's,Biscuits • Cookies,Biscuits • Cookies,14,,,,,,,,,,,,,,,,,,,,,,,,,,,,,,,,,,,
550e8400-e29b-41d4-a716-446655400199,Oreo Original 154g,Oreo Original 154g,in stock,new,1.29 GBP,https://example.com/product/550e8400-e29b-41d4-a716-446655400199,https://images.sumup.com/img_A53A7835344E7BE30A6B9D7AB6,Oreo,Biscuits • Cookies,Biscuits • Cookies,35,,,,,,,,,,,,,,,,,,,,,,,,,,,,,,,,,,,
550e8400-e29b-41d4-a716-446655400200,Oreo Original 220g,Oreo Original 220g,in stock,new,1.79 GBP,https://example.com/product/550e8400-e29b-41d4-a716-446655400200,https://images.sumup.com/img_A53A7835344E7BE30A6B9D7AB6,Oreo,Biscuits • Cookies,Biscuits • Cookies,41,,,,,,,,,,,,,,,,,,,,,,,,,,,,,,,,,,,
550e8400-e29b-41d4-a716-446655400201,Oreo Original 330g,Oreo Original 330g,in stock,new,2.79 GBP,https://example.com/product/550e8400-e29b-41d4-a716-446655400201,https://images.sumup.com/img_A53A7835344E7BE30A6B9D7AB6,Oreo,Biscuits • Cookies,Biscuits • Cookies,45,,,,,,,,,,,,,,,,,,,,,,,,,,,,,,,,,,,
550e8400-e29b-41d4-a716-446655400202,Jaffa Cakes 110g,Jaffa Cakes 110g,in stock,new,0.99 GBP,https://example.com/product/550e8400-e29b-41d4-a716-446655400202,https://images.sumup.com/img_08D63C8C5D8159181CB34C39B4,,Biscuits • Cookies,Biscuits • Cookies,12,,,,,,,,,,,,,,,,,,,,,,,,,,,,,,,,,,,
550e8400-e29b-41d4-a716-446655400203,Jaffa Cakes 122g,Jaffa Cakes 122g,in stock,new,1.19 GBP,https://example.com/product/550e8400-e29b-41d4-a716-446655400203,https://images.sumup.com/img_08D63C8C5D8159181CB34C39B4,,Biscuits • Cookies,Biscuits • Cookies,39,,,,,,,,,,,,,,,,,,,,,,,,,,,,,,,,,,,
550e8400-e29b-41d4-a716-446655400204,Jaffa Cakes 300g,Jaffa Cakes 300g,in stock,new,2.49 GBP,https://example.com/product/550e8400-e29b-41d4-a716-446655400204,https://images.sumup.com/img_08D63C8C5D8159181CB34C39B4,,Biscuits • Cookies,Biscuits • Cookies,31,,,,,,,,,,,,,,,,,,,,,,,,,,,,,,,,,,,
550e8400-e29b-41d4-a716-446655400205,Maryland Cookies 145g,Maryland Cookies 145g,in stock,new,1.29 GBP,https://example.com/product/550e8400-e29b-41d4-a716-446655400205,https://images.sumup.com/img_B0314119E5C49FEF05104340CE,,Biscuits • Cookies,Biscuits • Cookies,35,,,,,,,,,,,,,,,,,,,,,,,,,,,,,,,,,,,
550e8400-e29b-41d4-a716-446655400206,Maryland Cookies 200g,Maryland Cookies 200g,in stock,new,1.79 GBP,https://example.com/product/550e8400-e29b-41d4-a716-446655400206,https://images.sumup.com/img_B0314119E5C49FEF05104340CE,,Biscuits • Cookies,Biscuits • Cookies,14,,,,,,,,,,,,,,,,,,,,,,,,,,,,,,,,,,,
550e8400-e29b-41d4-a716-446655400207,Fox's Golden Crunch 200g,Fox's Golden Crunch 200g,in stock,new,1.49 GBP,https://example.com/product/550e8400-e29b-41d4-a716-446655400207,https://images.sumup.com/img_9B1CBAEDFF60F8038F700BC511,,Biscuits • Cookies,Biscuits • Cookies,19,,,,,,,,,,,,,,,,,,,,,,,,,,,,,,,,,,,
550e8400-e29b-41d4-a716-446655400208,Jammie Dodgers 140g,Jammie Dodgers 140g,in stock,new,1.29 GBP,https://example.com/product/550e8400-e29b-41d4-a716-446655400208,https://images.sumup.com/img_79B1634D55050DC91C67FEB979,,Biscuits • Cookies,Biscuits • Cookies,29,,,,,,,,,,,,,,,,,,,,,,,,,,,,,,,,,,,
550e8400-e29b-41d4-a716-446655400209,Warburtons Medium Sliced Bread 400g,Warburtons Medium Sliced Bread 400g,in stock,new,0.99 GBP,https://example.com/product/550e8400-e29b-41d4-a716-446655400209,https://images.sumup.com/img_52234283CCF9D568634DB39C6B,Warburtons,Bakery • Bread,Bakery • Bread,20,,,,,,,,,,,,,,,,,,,,,,,,,,,,,,,,,,,
550e8400-e29b-41d4-a716-446655400210,Warburtons Medium Sliced Bread 800g,Warburtons Medium Sliced Bread 800g,in stock,new,1.29 GBP,https://example.com/product/550e8400-e29b-41d4-a716-446655400210,https://images.sumup.com/img_52234283CCF9D568634DB39C6B,Warburtons,Bakery • Bread,Bakery • Bread,32,,,,,,,,,,,,,,,,,,,,,,,,,,,,,,,,,,,
550e8400-e29b-41d4-a716-446655400211,Warburtons Toastie Bread 800g,Warburtons Toastie Bread 800g,in stock,new,1.39 GBP,https://example.com/product/550e8400-e29b-41d4-a716-446655400211,https://images.sumup.com/img_02C50F49E0447536FE37AFC4FA,Warburtons,Bakery • Bread,Bakery • Bread,8,,,,,,,,,,,,,,,,,,,,,,,,,,,,,,,,,,,
550e8400-e29b-41d4-a716-446655400212,Hovis Wholemeal Bread 800g,Hovis Wholemeal Bread 800g,in stock,new,1.39 GBP,https://example.com/product/550e8400-e29b-41d4-a716-446655400212,https://images.sumup.com/img_D34D59139B499929BC8B0A6B06,Hovis,Bakery • Bread,Bakery • Bread,43,,,,,,,,,,,,,,,,,,,,,,,,,,,,,,,,,,,
550e8400-e29b-41d4-a716-446655400213,Hovis Soft White Bread 800g,Hovis Soft White Bread 800g,in stock,new,1.29 GBP,https://example.com/product/550e8400-e29b-41d4-a716-446655400213,https://images.sumup.com/img_092DFDDE92B7FBD63AB17AB447,Hovis,Bakery • Bread,Bakery • Bread,18,,,,,,,,,,,,,,,,,,,,,,,,,,,,,,,,,,,
550e8400-e29b-41d4-a716-446655400214,Kingsmill Soft White Bread 800g,Kingsmill Soft White Bread 800g,in stock,new,1.19 GBP,https://example.com/product/550e8400-e29b-41d4-a716-446655400214,https://images.sumup.com/img_803C056616A642E09E63259432,Kingsmill,Bakery • Bread,Bakery • Bread,16,,,,,,,,,,,,,,,,,,,,,,,,,,,,,,,,,,,
550e8400-e29b-41d4-a716-446655400215,Kingsmill 50/50 Bread 800g,Kingsmill 50/50 Bread 800g,in stock,new,1.29 GBP,https://example.com/product/550e8400-e29b-41d4-a716-446655400215,https://images.sumup.com/img_5474F2568C5160DC4BFB10E864,Kingsmill,Bakery • Bread,Bakery • Bread,40,,,,,,,,,,,,,,,,,,,,,,,,,,,,,,,,,,,
550e8400-e29b-41d4-a716-446655400216,Warburtons Crumpets 6g,Warburtons Crumpets 6g,in stock,new,0.99 GBP,https://example.com/product/550e8400-e29b-41d4-a716-446655400216,https://images.sumup.com/img_EA8981F85FECBCC086587EDE2F,Warburtons,Bakery • Bread,Bakery • Bread,45,,,,,,,,,,,,,,,,,,,,,,,,,,,,,,,,,,,
550e8400-e29b-41d4-a716-446655400217,Warburtons Crumpets 8g,Warburtons Crumpets 8g,in stock,new,1.29 GBP,https://example.com/product/550e8400-e29b-41d4-a716-446655400217,https://images.sumup.com/img_EA8981F85FECBCC086587EDE2F,Warburtons,Bakery • Bread,Bakery • Bread,4,,,,,,,,,,,,,,,,,,,,,,,,,,,,,,,,,,,
550e8400-e29b-41d4-a716-446655400218,Warburtons Teacakes 6g,Warburtons Teacakes 6g,in stock,new,1.09 GBP,https://example.com/product/550e8400-e29b-41d4-a716-446655400218,https://images.sumup.com/img_6AF820A94FEF912E057EFDF932,Warburtons,Bakery • Bread,Bakery • Bread,3,,,,,,,,,,,,,,,,,,,,,,,,,,,,,,,,,,,
550e8400-e29b-41d4-a716-446655400219,Cathedral City Mature Cheddar 200g,Cathedral City Mature Cheddar 200g,in stock,new,3.29 GBP,https://example.com/product/550e8400-e29b-41d4-a716-446655400219,https://images.sumup.com/img_DBB446980A133D85CD592D1BFA,Cathedral City,Cheese • Dairy,Cheese • Dairy,44,,,,,,,,,,,,,,,,,,,,,,,,,,,,,,,,,,,
550e8400-e29b-41d4-a716-446655400220,Cathedral City Mature Cheddar 350g,Cathedral City Mature Cheddar 350g,in stock,new,4.99 GBP,https://example.com/product/550e8400-e29b-41d4-a716-446655400220,https://images.sumup.com/img_DBB446980A133D85CD592D1BFA,Cathedral City,Cheese • Dairy,Cheese • Dairy,6,,,,,,,,,,,,,,,,,,,,,,,,,,,,,,,,,,,
550e8400-e29b-41d4-a716-446655400221,Cathedral City Mature Cheddar 550g,Cathedral City Mature Cheddar 550g,in stock,new,7.49 GBP,https://example.com/product/550e8400-e29b-41d4-a716-446655400221,https://images.sumup.com/img_DBB446980A133D85CD592D1BFA,Cathedral City,Cheese • Dairy,Cheese • Dairy,37,,,,,,,,,,,,,,,,,,,,,,,,,,,,,,,,,,,
550e8400-e29b-41d4-a716-446655400222,Philadelphia Soft Cheese 180g,Philadelphia Soft Cheese 180g,in stock,new,2.29 GBP,https://example.com/product/550e8400-e29b-41d4-a716-446655400222,https://images.sumup.com/img_5987200AA8B7B7FD7EB166F1C6,Philadelphia,Cheese • Dairy,Cheese • Dairy,46,,,,,,,,,,,,,,,,,,,,,,,,,,,,,,,,,,,
550e8400-e29b-41d4-a716-446655400223,Philadelphia Soft Cheese 280g,Philadelphia Soft Cheese 280g,in stock,new,3.29 GBP,https://example.com/product/550e8400-e29b-41d4-a716-446655400223,https://images.sumup.com/img_5987200AA8B7B7FD7EB166F1C6,Philadelphia,Cheese • Dairy,Cheese • Dairy,15,,,,,,,,,,,,,,,,,,,,,,,,,,,,,,,,,,,
550e8400-e29b-41d4-a716-446655400224,Muller Corner Vanilla 135g,Muller Corner Vanilla 135g,in stock,new,0.75 GBP,https://example.com/product/550e8400-e29b-41d4-a716-446655400224,https://images.sumup.com/img_6CC0008A56AAA818347D005359,Muller,Cheese • Dairy,Cheese • Dairy,6,,,,,,,,,,,,,,,,,,,,,,,,,,,,,,,,,,,
550e8400-e29b-41d4-a716-446655400225,Muller Corner Strawberry 135g,Muller Corner Strawberry 135g,in stock,new,0.75 GBP,https://example.com/product/550e8400-e29b-41d4-a716-446655400225,https://images.sumup.com/img_B15609531DC937F2DD85FFA870,Muller,Cheese • Dairy,Cheese • Dairy,16,,,,,,,,,,,,,,,,,,,,,,,,,,,,,,,,,,,
550e8400-e29b-41d4-a716-446655400226,Muller Rice Original 190g,Muller Rice Original 190g,in stock,new,0.85 GBP,https://example.com/product/550e8400-e29b-41d4-a716-446655400226,https://images.sumup.com/img_27A760D07B385E480AD58BDAC4,Muller,Cheese • Dairy,Cheese • Dairy,29,,,,,,,,,,,,,,,,,,,,,,,,,,,,,,,,,,,
550e8400-e29b-41d4-a716-446655400227,Danone Activia Yogurt 125g,Danone Activia Yogurt 125g,in stock,new,0.69 GBP,https://example.com/product/550e8400-e29b-41d4-a716-446655400227,https://images.sumup.com/img_25BB17537668F2C46A66770FCC,,Cheese • Dairy,Cheese • Dairy,38,,,,,,,,,,,,,,,,,,,,,,,,,,,,,,,,,,,
550e8400-e29b-41d4-a716-446655400228,Yeo Valley Natural Yogurt 500g,Yeo Valley Natural Yogurt 500g,in stock,new,2.49 GBP,https://example.com/product/550e8400-e29b-41d4-a716-446655400228,https://images.sumup.com/img_97B0A00CB9E8F5532D355CC2D7,,Cheese • Dairy,Cheese • Dairy,12,,,,,,,,,,,,,,,,,,,,,,,,,,,,,,,,,,,
550e8400-e29b-41d4-a716-446655400229,Lurpak Butter 250g,Lurpak Butter 250g,in stock,new,3.79 GBP,https://example.com/product/550e8400-e29b-41d4-a716-446655400229,https://images.sumup.com/img_815C1ABE06D72062BE2277DB4C,Lurpak,Butter • Spreads,Butter • Spreads,42,,,,,,,,,,,,,,,,,,,,,,,,,,,,,,,,,,,
550e8400-e29b-41d4-a716-446655400230,Lurpak Butter 500g,Lurpak Butter 500g,in stock,new,6.99 GBP,https://example.com/product/550e8400-e29b-41d4-a716-446655400230,https://images.sumup.com/img_815C1ABE06D72062BE2277DB4C,Lurpak,Butter • Spreads,Butter • Spreads,17,,,,,,,,,,,,,,,,,,,,,,,,,,,,,,,,,,,
550e8400-e29b-41d4-a716-446655400231,Lurpak Spreadable 250g,Lurpak Spreadable 250g,in stock,new,3.99 GBP,https://example.com/product/550e8400-e29b-41d4-a716-446655400231,https://images.sumup.com/img_C677A8E5A6E89C624B03B9360D,Lurpak,Butter • Spreads,Butter • Spreads,14,,,,,,,,,,,,,,,,,,,,,,,,,,,,,,,,,,,
550e8400-e29b-41d4-a716-446655400232,Lurpak Spreadable 500g,Lurpak Spreadable 500g,in stock,new,7.29 GBP,https://example.com/product/550e8400-e29b-41d4-a716-446655400232,https://images.sumup.com/img_C677A8E5A6E89C624B03B9360D,Lurpak,Butter • Spreads,Butter • Spreads,39,,,,,,,,,,,,,,,,,,,,,,,,,,,,,,,,,,,
550e8400-e29b-41d4-a716-446655400233,Anchor Butter 250g,Anchor Butter 250g,out of stock,new,3.49 GBP,https://example.com/product/550e8400-e29b-41d4-a716-446655400233,https://images.sumup.com/img_33DA648B43EB6AC311120E5DCA,Anchor,Butter • Spreads,Butter • Spreads,0,,,,,,,,,,,,,,,,,,,,,,,,,,,,,,,,,,,
550e8400-e29b-41d4-a716-446655400234,Anchor Butter 500g,Anchor Butter 500g,in stock,new,6.49 GBP,https://example.com/product/550e8400-e29b-41d4-a716-446655400234,https://images.sumup.com/img_33DA648B43EB6AC311120E5DCA,Anchor,Butter • Spreads,Butter • Spreads,19,,,,,,,,,,,,,,,,,,,,,,,,,,,,,,,,,,,
550e8400-e29b-41d4-a716-446655400235,Flora Original 500g,Flora Original 500g,in stock,new,2.99 GBP,https://example.com/product/550e8400-e29b-41d4-a716-446655400235,https://images.sumup.com/img_59E31ED884DEF7C39490789353,,Butter • Spreads,Butter • Spreads,28,,,,,,,,,,,,,,,,,,,,,,,,,,,,,,,,,,,
550e8400-e29b-41d4-a716-446655400236,I Can't Believe It's Not Butter 500g,I Can't Believe It's Not Butter 500g,in stock,new,2.79 GBP,https://example.com/product/550e8400-e29b-41d4-a716-446655400236,https://images.sumup.com/img_42C965DA5F0C50DDA75F020A52,,Butter • Spreads,Butter • Spreads,11,,,,,,,,,,,,,,,,,,,,,,,,,,,,,,,,,,,
550e8400-e29b-41d4-a716-446655400237,Nutella Hazelnut Spread 350g,Nutella Hazelnut Spread 350g,in stock,new,3.49 GBP,https://example.com/product/550e8400-e29b-41d4-a716-446655400237,https://images.sumup.com/img_ECCEC4894B2E6656C20EF046B1,Nutella,Spreads • Jams,Spreads • Jams,36,,,,,,,,,,,,,,,,,,,,,,,,,,,,,,,,,,,
550e8400-e29b-41d4-a716-446655400238,Nutella Hazelnut Spread 400g,Nutella Hazelnut Spread 400g,in stock,new,3.99 GBP,https://example.com/product/550e8400-e29b-41d4-a716-446655400238,https://images.sumup.com/img_ECCEC4894B2E6656C20EF046B1,Nutella,Spreads • Jams,Spreads • Jams,23,,,,,,,,,,,,,,,,,,,,,,,,,,,,,,,,,,,
550e8400-e29b-41d4-a716-446655400239,Nutella Hazelnut Spread 750g,Nutella Hazelnut Spread 750g,out of stock,new,6.99 GBP,https://example.com/product/550e8400-e29b-41d4-a716-446655400239,https://images.sumup.com/img_ECCEC4894B2E6656C20EF046B1,Nutella,Spreads • Jams,Spreads • Jams,0,,,,,,,,,,,,,,,,,,,,,,,,,,,,,,,,,,,
550e8400-e29b-41d4-a716-446655400240,Bonne Maman Strawberry Jam 370g,Bonne Maman Strawberry Jam 370g,out of stock,new,2.49 GBP,https://example.com/product/550e8400-e29b-41d4-a716-446655400240,https://images.sumup.com/img_71D7767DC61A93152B17B3C0F8,,Spreads • Jams,Spreads • Jams,0,,,,,,,,,,,,,,,,,,,,,,,,,,,,,,,,,,,
550e8400-e29b-41d4-a716-446655400241,Hartley's Best Raspberry Jam 340g,Hartley's Best Raspberry Jam 340g,in stock,new,1.99 GBP,https://example.com/product/550e8400-e29b-41d4-a716-446655400241,https://images.sumup.com/img_D894587A2C173DDACCD3072C1B,,Spreads • Jams,Spreads • Jams,50,,,,,,,,,,,,,,,,,,,,,,,,,,,,,,,,,,,
550e8400-e29b-41d4-a716-446655400242,Marmite Original 250g,Marmite Original 250g,in stock,new,3.49 GBP,https://example.com/product/550e8400-e29b-41d4-a716-446655400242,https://images.sumup.com/img_4906971367292F54D6FE7134C4,,Spreads • Jams,Spreads • Jams,28,,,,,,,,,,,,,,,,,,,,,,,,,,,,,,,,,,,
550e8400-e29b-41d4-a716-446655400243,Peanut Butter Smooth 340g,Peanut Butter Smooth 340g,in stock,new,2.29 GBP,https://example.com/product/550e8400-e29b-41d4-a716-446655400243,https://images.sumup.com/img_9E41597E69B825EDE4290CBDC4,,Spreads • Jams,Spreads • Jams,29,,,,,,,,,,,,,,,,,,,,,,,,,,,,,,,,,,,
550e8400-e29b-41d4-a716-446655400244,Peanut Butter Smooth 454g,Peanut Butter Smooth 454g,in stock,new,2.99 GBP,https://example.com/product/550e8400-e29b-41d4-a716-446655400244,https://images.sumup.com/img_9E41597E69B825EDE4290CBDC4,,Spreads • Jams,Spreads • Jams,23,,,,,,,,,,,,,,,,,,,,,,,,,,,,,,,,,,,
550e8400-e29b-41d4-a716-446655400245,Heinz Tomato Ketchup 460g,Heinz Tomato Ketchup 460g,in stock,new,2.49 GBP,https://example.com/product/550e8400-e29b-41d4-a716-446655400245,https://images.sumup.com/img_781F2DBA84E7D35E8FD4A64162,Heinz,Condiments • Sauces,Condiments • Sauces,18,,,,,,,,,,,,,,,,,,,,,,,,,,,,,,,,,,,
550e8400-e29b-41d4-a716-446655400246,Heinz Tomato Ketchup 910g,Heinz Tomato Ketchup 910g,in stock,new,3.99 GBP,https://example.com/product/550e8400-e29b-41d4-a716-446655400246,https://images.sumup.com/img_781F2DBA84E7D35E8FD4A64162,Heinz,Condiments • Sauces,Condiments • Sauces,6,,,,,,,,,,,,,,,,,,,,,,,,,,,,,,,,,,,
550e8400-e29b-41d4-a716-446655400247,Heinz Mayonnaise 400g,Heinz Mayonnaise 400g,in stock,new,2.79 GBP,https://example.com/product/550e8400-e29b-41d4-a716-446655400247,https://images.sumup.com/img_8A3B1217782659840F5D127A14,Heinz,Condiments • Sauces,Condiments • Sauces,41,,,,,,,,,,,,,,,,,,,,,,,,,,,,,,,,,,,
550e8400-e29b-41d4-a716-446655400248,Hellmann's Real Mayonnaise 400g,Hellmann's Real Mayonnaise 400g,in stock,new,2.99 GBP,https://example.com/product/550e8400-e29b-41d4-a716-446655400248,https://images.sumup.com/img_D90E5F3E03555F15DD39C22149,,Condiments • Sauces,Condiments • Sauces,42,,,,,,,,,,,,,,,,,,,,,,,,,,,,,,,,,,,
550e8400-e29b-41d4-a716-446655400249,Hellmann's Real Mayonnaise 600g,Hellmann's Real Mayonnaise 600g,in stock,new,4.49 GBP,https://example.com/product/550e8400-e29b-41d4-a716-446655400249,https://images.sumup.com/img_D90E5F3E03555F15DD39C22149,,Condiments • Sauces,Condiments • Sauces,34,,,,,,,,,,,,,,,,,,,,,,,,,,,,,,,,,,,
550e8400-e29b-41d4-a716-446655400250,HP Brown Sauce 255g,HP Brown Sauce 255g,in stock,new,2.19 GBP,https://example.com/product/550e8400-e29b-41d4-a716-446655400250,https://images.sumup.com/img_773020E0B505573DC6926E358E,,Condiments • Sauces,Condiments • Sauces,18,,,,,,,,,,,,,,,,,,,,,,,,,,,,,,,,,,,
550e8400-e29b-41d4-a716-446655400251,HP Brown Sauce 425g,HP Brown Sauce 425g,in stock,new,3.19 GBP,https://example.com/product/550e8400-e29b-41d4-a716-446655400251,https://images.sumup.com/img_773020E0B505573DC6926E358E,,Condiments • Sauces,Condiments • Sauces,33,,,,,,,,,,,,,,,,,,,,,,,,,,,,,,,,,,,
550e8400-e29b-41d4-a716-446655400252,Colman's English Mustard 100g,Colman's English Mustard 100g,in stock,new,1.99 GBP,https://example.com/product/550e8400-e29b-41d4-a716-446655400252,https://images.sumup.com/img_51B8AB34A6661E7D41C2D8E493,,Condiments • Sauces,Condiments • Sauces,35,,,,,,,,,,,,,,,,,,,,,,,,,,,,,,,,,,,
550e8400-e29b-41d4-a716-446655400253,French's American Mustard 226g,French's American Mustard 226g,in stock,new,1.79 GBP,https://example.com/product/550e8400-e29b-41d4-a716-446655400253,https://images.sumup.com/img_C9F184CB9E55A1B55CFEEBF27E,,Condiments • Sauces,Condiments • Sauces,18,,,,,,,,,,,,,,,,,,,,,,,,,,,,,,,,,,,
550e8400-e29b-41d4-a716-446655400254,Natco Coconut Milk 400g,Natco Coconut Milk 400g,in stock,new,1.39 GBP,https://example.com/product/550e8400-e29b-41d4-a716-446655400254,https://images.sumup.com/img_F5BC9E19B7426605778A070BAB,Natco,Cooking Ingredients,Cooking Ingredients,29,,,,,,,,,,,,,,,,,,,,,,,,,,,,,,,,,,,
550e8400-e29b-41d4-a716-446655400255,Blue Dragon Soy Sauce 150g,Blue Dragon Soy Sauce 150g,in stock,new,1.99 GBP,https://example.com/product/550e8400-e29b-41d4-a716-446655400255,https://images.sumup.com/img_05D641C0D16FEBB9463E56A7F3,,Cooking Ingredients,Cooking Ingredients,32,,,,,,,,,,,,,,,,,,,,,,,,,,,,,,,,,,,
550e8400-e29b-41d4-a716-446655400256,Sharwood's Curry Paste 227g,Sharwood's Curry Paste 227g,in stock,new,2.49 GBP,https://example.com/product/550e8400-e29b-41d4-a716-446655400256,https://images.sumup.com/img_41446D070469A96D713FBA1CB1,,Cooking Ingredients,Cooking Ingredients,24,,,,,,,,,,,,,,,,,,,,,,,,,,,,,,,,,,,
550e8400-e29b-41d4-a716-446655400257,Uncle Ben's Basmati Rice 500ml,Uncle Ben's Basmati Rice 500ml,in stock,new,2.49 GBP,https://example.com/product/550e8400-e29b-41d4-a716-446655400257,https://images.sumup.com/img_4210F6553001704000B2BAA202,,Cooking Ingredients,Cooking Ingredients,32,,,,,,,,,,,,,,,,,,,,,,,,,,,,,,,,,,,
550e8400-e29b-41d4-a716-446655400258,Uncle Ben's Basmati Rice 1000ml,Uncle Ben's Basmati Rice 1000ml,in stock,new,4.49 GBP,https://example.com/product/550e8400-e29b-41d4-a716-446655400258,https://images.sumup.com/img_4210F6553001704000B2BAA202,,Cooking Ingredients,Cooking Ingredients,5,,,,,,,,,,,,,,,,,,,,,,,,,,,,,,,,,,,
550e8400-e29b-41d4-a716-446655400259,Tilda Pure Basmati Rice 500g,Tilda Pure Basmati Rice 500g,in stock,new,2.79 GBP,https://example.com/product/550e8400-e29b-41d4-a716-446655400259,https://images.sumup.com/img_6BF69D8378C18AF0F0249C6B96,,Cooking Ingredients,Cooking Ingredients,33,,,,,,,,,,,,,,,,,,,,,,,,,,,,,,,,,,,
550e8400-e29b-41d4-a716-446655400260,Tilda Pure Basmati Rice 1kg,Tilda Pure Basmati Rice 1kg,in stock,new,4.99 GBP,https://example.com/product/550e8400-e29b-41d4-a716-446655400260,https://images.sumup.com/img_6BF69D8378C18AF0F0249C6B96,,Cooking Ingredients,Cooking Ingredients,1,,,,,,,,,,,,,,,,,,,,,,,,,,,,,,,,,,,
550e8400-e29b-41d4-a716-446655400261,Rajah Curry Powder 100g,Rajah Curry Powder 100g,in stock,new,2.19 GBP,https://example.com/product/550e8400-e29b-41d4-a716-446655400261,https://images.sumup.com/img_FCBB17E3505B9A72603E42C294,Rajah,Spices • Seasonings,Spices • Seasonings,27,,,,,,,,,,,,,,,,,,,,,,,,,,,,,,,,,,,
550e8400-e29b-41d4-a716-446655400262,MDH Garam Masala 100g,MDH Garam Masala 100g,in stock,new,2.89 GBP,https://example.com/product/550e8400-e29b-41d4-a716-446655400262,https://images.sumup.com/img_8A66545627AA84B0753ED3E981,MDH,Spices • Seasonings,Spices • Seasonings,27,,,,,,,,,,,,,,,,,,,,,,,,,,,,,,,,,,,
550e8400-e29b-41d4-a716-446655400263,Schwartz Mixed Herbs 10g,Schwartz Mixed Herbs 10g,in stock,new,1.49 GBP,https://example.com/product/550e8400-e29b-41d4-a716-446655400263,https://images.sumup.com/img_493DA3958FEDB333A957CD3412,,Spices • Seasonings,Spices • Seasonings,43,,,,,,,,,,,,,,,,,,,,,,,,,,,,,,,,,,,
550e8400-e29b-41d4-a716-446655400264,Schwartz Ground Cinnamon 28g,Schwartz Ground Cinnamon 28g,in stock,new,1.99 GBP,https://example.com/product/550e8400-e29b-41d4-a716-446655400264,https://images.sumup.com/img_992CD3C71F823A2F4139E1C4B1,,Spices • Seasonings,Spices • Seasonings,6,,,,,,,,,,,,,,,,,,,,,,,,,,,,,,,,,,,
550e8400-e29b-41d4-a716-446655400265,Schwartz Paprika 30g,Schwartz Paprika 30g,in stock,new,1.99 GBP,https://example.com/product/550e8400-e29b-41d4-a716-446655400265,https://images.sumup.com/img_317A6B2A46D6CCC8840D411C83,,Spices • Seasonings,Spices • Seasonings,4,,,,,,,,,,,,,,,,,,,,,,,,,,,,,,,,,,,
550e8400-e29b-41d4-a716-446655400266,Haldiram's Bhujia 200g,Haldiram's Bhujia 200g,in stock,new,2.79 GBP,https://example.com/product/550e8400-e29b-41d4-a716-446655400266,https://images.sumup.com/img_E4B4F55288FA3FD78D325F696E,Haldiram's,Indian Snacks,Indian Snacks,47,,,,,,,,,,,,,,,,,,,,,,,,,,,,,,,,,,,
550e8400-e29b-41d4-a716-446655400267,Haldiram's Bhujia 400g,Haldiram's Bhujia 400g,in stock,new,4.99 GBP,https://example.com/product/550e8400-e29b-41d4-a716-446655400267,https://images.sumup.com/img_E4B4F55288FA3FD78D325F696E,Haldiram's,Indian Snacks,Indian Snacks,29,,,,,,,,,,,,,,,,,,,,,,,,,,,,,,,,,,,
550e8400-e29b-41d4-a716-446655400268,Haldiram's Aloo Bhujia 200g,Haldiram's Aloo Bhujia 200g,in stock,new,2.79 GBP,https://example.com/product/550e8400-e29b-41d4-a716-446655400268,https://images.sumup.com/img_5422237DF3AE0F7DC307622931,Haldiram's,Indian Snacks,Indian Snacks,3,,,,,,,,,,,,,,,,,,,,,,,,,,,,,,,,,,,
550e8400-e29b-41d4-a716-446655400269,Bikaji Aloo Bhujia 400g,Bikaji Aloo Bhujia 400g,out of stock,new,3.99 GBP,https://example.com/product/550e8400-e29b-41d4-a716-446655400269,https://images.sumup.com/img_26CF4F029C13DF2F2032F2DD79,Bikaji,Indian Snacks,Indian Snacks,0,,,,,,,,,,,,,,,,,,,,,,,,,,,,,,,,,,,
550e8400-e29b-41d4-a716-446655400270,Ajmi Pappadums 200g,Ajmi Pappadums 200g,in stock,new,2.39 GBP,https://example.com/product/550e8400-e29b-41d4-a716-446655400270,https://images.sumup.com/img_EF0F6F6816DCC31E7405F3B323,Ajmi,Indian Snacks,Indian Snacks,44,,,,,,,,,,,,,,,,,,,,,,,,,,,,,,,,,,,
550e8400-e29b-41d4-a716-446655400271,Laila Basmati Rice 2kg,Laila Basmati Rice 2kg,in stock,new,5.99 GBP,https://example.com/product/550e8400-e29b-41d4-a716-446655400271,https://images.sumup.com/img_0FCDCEF104CFCC342A6AB2817C,Laila,Rice • Grains,Rice • Grains,45,,,,,,,,,,,,,,,,,,,,,,,,,,,,,,,,,,,
550e8400-e29b-41d4-a716-446655400272,Laila Basmati Rice 5kg,Laila Basmati Rice 5kg,in stock,new,12.99 GBP,https://example.com/product/550e8400-e29b-41d4-a716-446655400272,https://images.sumup.com/img_0FCDCEF104CFCC342A6AB2817C,Laila,Rice • Grains,Rice • Grains,19,,,,,,,,,,,,,,,,,,,,,,,,,,,,,,,,,,,
550e8400-e29b-41d4-a716-446655400273,Laila Basmati Rice 10kg,Laila Basmati Rice 10kg,in stock,new,22.99 GBP,https://example.com/product/550e8400-e29b-41d4-a716-446655400273,https://images.sumup.com/img_0FCDCEF104CFCC342A6AB2817C,Laila,Rice • Grains,Rice • Grains,41,,,,,,,,,,,,,,,,,,,,,,,,,,,,,,,,,,,
550e8400-e29b-41d4-a716-446655400274,TRS Red Lentils 1kg,TRS Red Lentils 1kg,in stock,new,3.99 GBP,https://example.com/product/550e8400-e29b-41d4-a716-446655400274,https://images.sumup.com/img_83F86D31A33B0DF479B4242100,TRS,Rice • Grains,Rice • Grains,19,,,,,,,,,,,,,,,,,,,,,,,,,,,,,,,,,,,
550e8400-e29b-41d4-a716-446655400275,TRS Red Lentils 2kg,TRS Red Lentils 2kg,in stock,new,6.99 GBP,https://example.com/product/550e8400-e29b-41d4-a716-446655400275,https://images.sumup.com/img_83F86D31A33B0DF479B4242100,TRS,Rice • Grains,Rice • Grains,42,,,,,,,,,,,,,,,,,,,,,,,,,,,,,,,,,,,
550e8400-e29b-41d4-a716-446655400276,TRS Chana Dal 2kg,TRS Chana Dal 2kg,in stock,new,6.99 GBP,https://example.com/product/550e8400-e29b-41d4-a716-446655400276,https://images.sumup.com/img_1E3ACEE3119894633C32B63FEB,TRS,Rice • Grains,Rice • Grains,14,,,,,,,,,,,,,,,,,,,,,,,,,,,,,,,,,,,
550e8400-e29b-41d4-a716-446655400277,Andrex Classic Clean Toilet Tissue 9ml,Andrex Classic Clean Toilet Tissue 9ml,in stock,new,5.49 GBP,https://example.com/product/550e8400-e29b-41d4-a716-446655400277,https://images.sumup.com/img_64386D34B1EBEBA132C4DFC983,Andrex,Household,Household,37,,,,,,,,,,,,,,,,,,,,,,,,,,,,,,,,,,,
550e8400-e29b-41d4-a716-446655400278,Andrex Classic Clean Toilet Tissue 18ml,Andrex Classic Clean Toilet Tissue 18ml,in stock,new,9.99 GBP,https://example.com/product/550e8400-e29b-41d4-a716-446655400278,https://images.sumup.com/img_64386D34B1EBEBA132C4DFC983,Andrex,Household,Household,47,,,,,,,,,,,,,,,,,,,,,,,,,,,,,,,,,,,
550e8400-e29b-41d4-a716-446655400279,Andrex Gentle Clean Toilet Tissue 9ml,Andrex Gentle Clean Toilet Tissue 9ml,in stock,new,5.99 GBP,https://example.com/product/550e8400-e29b-41d4-a716-446655400279,https://images.sumup.com/img_EFFC136A550944AB68636C97BE,Andrex,Household,Household,29,,,,,,,,,,,,,,,,,,,,,,,,,,,,,,,,,,,
550e8400-e29b-41d4-a716-446655400280,Plenty Kitchen Roll 2g,Plenty Kitchen Roll 2g,in stock,new,3.29 GBP,https://example.com/product/550e8400-e29b-41d4-a716-446655400280,https://images.sumup.com/img_B3BE849BCD1883D6AD2358DD27,Plenty,Household,Household,10,,,,,,,,,,,,,,,,,,,,,,,,,,,,,,,,,,,
550e8400-e29b-41d4-a716-446655400281,Plenty Kitchen Roll 4g,Plenty Kitchen Roll 4g,in stock,new,5.99 GBP,https://example.com/product/550e8400-e29b-41d4-a716-446655400281,https://images.sumup.com/img_B3BE849BCD1883D6AD2358DD27,Plenty,Household,Household,13,,,,,,,,,,,,,,,,,,,,,,,,,,,,,,,,,,,
550e8400-e29b-41d4-a716-446655400282,Fairy Liquid Original 433g,Fairy Liquid Original 433g,in stock,new,2.49 GBP,https://example.com/product/550e8400-e29b-41d4-a716-446655400282,https://images.sumup.com/img_FF293CA1C97783DF625DED1878,Fairy,Household,Household,6,,,,,,,,,,,,,,,,,,,,,,,,,,,,,,,,,,,
550e8400-e29b-41d4-a716-446655400283,Fairy Liquid Original 625g,Fairy Liquid Original 625g,in stock,new,2.99 GBP,https://example.com/product/550e8400-e29b-41d4-a716-446655400283,https://images.sumup.com/img_FF293CA1C97783DF625DED1878,Fairy,Household,Household,40,,,,,,,,,,,,,,,,,,,,,,,,,,,,,,,,,,,
550e8400-e29b-41d4-a716-446655400284,Fairy Liquid Original 900g,Fairy Liquid Original 900g,in stock,new,3.99 GBP,https://example.com/product/550e8400-e29b-41d4-a716-446655400284,https://images.sumup.com/img_FF293CA1C97783DF625DED1878,Fairy,Household,Household,16,,,,,,,,,,,,,,,,,,,,,,,,,,,,,,,,,,,
550e8400-e29b-41d4-a716-446655400285,Comfort Fabric Conditioner 630g,Comfort Fabric Conditioner 630g,in stock,new,2.99 GBP,https://example.com/product/550e8400-e29b-41d4-a716-446655400285,https://images.sumup.com/img_AC57B5EC52BF86E972DE0374A4,Comfort,Household,Household,16,,,,,,,,,,,,,,,,,,,,,,,,,,,,,,,,,,,
550e8400-e29b-41d4-a716-446655400286,Comfort Fabric Conditioner 1260ml,Comfort Fabric Conditioner 1260ml,in stock,new,4.99 GBP,https://example.com/product/550e8400-e29b-41d4-a716-446655400286,https://images.sumup.com/img_AC57B5EC52BF86E972DE0374A4,Comfort,Household,Household,34,,,,,,,,,,,,,,,,,,,,,,,,,,,,,,,,,,,
550e8400-e29b-41d4-a716-446655400287,Persil Washing Powder 650g,Persil Washing Powder 650g,in stock,new,4.29 GBP,https://example.com/product/550e8400-e29b-41d4-a716-446655400287,https://images.sumup.com/img_64B79A709EA636903D19FA6B24,Persil,Household,Household,26,,,,,,,,,,,,,,,,,,,,,,,,,,,,,,,,,,,
550e8400-e29b-41d4-a716-446655400288,Persil Washing Powder 1300ml,Persil Washing Powder 1300ml,in stock,new,7.99 GBP,https://example.com/product/550e8400-e29b-41d4-a716-446655400288,https://images.sumup.com/img_64B79A709EA636903D19FA6B24,Persil,Household,Household,1,,,,,,,,,,,,,,,,,,,,,,,,,,,,,,,,,,,
550e8400-e29b-41d4-a716-446655400289,Dettol Antibacterial Surface Spray 500g,Dettol Antibacterial Surface Spray 500g,in stock,new,3.39 GBP,https://example.com/product/550e8400-e29b-41d4-a716-446655400289,https://images.sumup.com/img_6DD32EA39290D72BE8406E2ABC,Dettol,Household,Household,30,,,,,,,,,,,,,,,,,,,,,,,,,,,,,,,,,,,
550e8400-e29b-41d4-a716-446655400290,Flash All Purpose Cleaner 500ml,Flash All Purpose Cleaner 500ml,in stock,new,2.99 GBP,https://example.com/product/550e8400-e29b-41d4-a716-446655400290,https://images.sumup.com/img_FF49F6F1E30713B5FA659A04A8,,Household,Household,35,,,,,,,,,,,,,,,,,,,,,,,,,,,,,,,,,,,
550e8400-e29b-41d4-a716-446655400291,Cif Cream Cleaner 500ml,Cif Cream Cleaner 500ml,in stock,new,1.99 GBP,https://example.com/product/550e8400-e29b-41d4-a716-446655400291,https://images.sumup.com/img_A8D9BB8B32AA4814619951FBE9,,Household,Household,24,,,,,,,,,,,,,,,,,,,,,,,,,,,,,,,,,,,
550e8400-e29b-41d4-a716-446655400292,Red Bull Sugar Free 355g,Red Bull Sugar Free 355g,in stock,new,2.29 GBP,https://example.com/product/550e8400-e29b-41d4-a716-446655400292,https://images.sumup.com/img_DB4A364D2EEEF3C46037EEE882,Red Bull,Energy Drinks,Energy Drinks,28,,,,,,,,,,,,,,,,,,,,,,,,,,,,,,,,,,,
550e8400-e29b-41d4-a716-446655400293,Lucozade Sport Orange 500g,Lucozade Sport Orange 500g,in stock,new,1.49 GBP,https://example.com/product/550e8400-e29b-41d4-a716-446655400293,https://images.sumup.com/img_B68001C2DB1EA5C379D7A71D88,Lucozade,Energy Drinks,Energy Drinks,35,,,,,,,,,,,,,,,,,,,,,,,,,,,,,,,,,,,
550e8400-e29b-41d4-a716-446655400294,Tilda Pure Basmati Rice 1kg,Tilda Pure Basmati Rice 1kg,in stock,new,4.99 GBP,https://example.com/product/550e8400-e29b-41d4-a716-446655400294,https://images.sumup.com/img_6BF69D8378C18AF0F0249C6B96,,Cooking Ingredients,Cooking Ingredients,41,,,,,,,,,,,,,,,,,,,,,,,,,,,,,,,,,,,
550e8400-e29b-41d4-a716-446655400295,Kellogg's Frosties 750g,Kellogg's Frosties 750g,in stock,new,4.99 GBP,https://example.com/product/550e8400-e29b-41d4-a716-446655400295,https://images.sumup.com/img_3A31664FD377AFE8CCB660454C,Kellogg's,Breakfast Cereals,Breakfast Cereals,36,,,,,,,,,,,,,,,,,,,,,,,,,,,,,,,,,,,
550e8400-e29b-41d4-a716-446655400296,Muller Corner Strawberry 135g,Muller Corner Strawberry 135g,in stock,new,0.75 GBP,https://example.com/product/550e8400-e29b-41d4-a716-446655400296,https://images.sumup.com/img_B15609531DC937F2DD85FFA870,Muller,Cheese • Dairy,Cheese • Dairy,15,,,,,,,,,,,,,,,,,,,,,,,,,,,,,,,,,,,
550e8400-e29b-41d4-a716-446655400297,Comfort Fabric Conditioner 1260ml,Comfort Fabric Conditioner 1260ml,in stock,new,4.99 GBP,https://example.com/product/550e8400-e29b-41d4-a716-446655400297,https://images.sumup.com/img_AC57B5EC52BF86E972DE0374A4,Comfort,Household,Household,2,,,,,,,,,,,,,,,,,,,,,,,,,,,,,,,,,,,
550e8400-e29b-41d4-a716-446655400298,Heineken Lager 650g,Heineken Lager 650g,in stock,new,2.89 GBP,https://example.com/product/550e8400-e29b-41d4-a716-446655400298,https://images.sumup.com/img_3B90142E9D6C3BA424F85FFC40,Heineken,Beers,Beers,6,,,,,,,,,,,,,,,,,,,,,,,,,,,,,,,,,,,
550e8400-e29b-41d4-a716-446655400299,Tia Maria Coffee Liqueur 700g,Tia Maria Coffee Liqueur 700g,in stock,new,15.99 GBP,https://example.com/product/550e8400-e29b-41d4-a716-446655400299,https://images.sumup.com/img_3C839E4C2A9A8CD557CCF67656,,Liqueurs,Liqueurs,42,,,,,,,,,,,,,,,,,,,,,,,,,,,,,,,,,,,
550e8400-e29b-41d4-a716-446655400300,Nestle Shreddies 675g,Nestle Shreddies 675g,in stock,new,4.49 GBP,https://example.com/product/550e8400-e29b-41d4-a716-446655400300,https://images.sumup.com/img_FCB07F9C5F5D59A88DEB7CC8C2,Nestle,Breakfast Cereals,Breakfast Cereals,48,,,,,,,,,,,,,,,,,,,,,,,,,,,,,,,,,,,
550e8400-e29b-41d4-a716-446655400301,Muller Rice Original 190g,Muller Rice Original 190g,in stock,new,0.85 GBP,https://example.com/product/550e8400-e29b-41d4-a716-446655400301,https://images.sumup.com/img_27A760D07B385E480AD58BDAC4,Muller,Cheese • Dairy,Cheese • Dairy,23,,,,,,,,,,,,,,,,,,,,,,,,,,,,,,,,,,,
550e8400-e29b-41d4-a716-446655400302,Muller Rice Original 190g,Muller Rice Original 190g,in stock,new,0.85 GBP,https://example.com/product/550e8400-e29b-41d4-a716-446655400302,https://images.sumup.com/img_27A760D07B385E480AD58BDAC4,Muller,Cheese • Dairy,Cheese • Dairy,4,,,,,,,,,,,,,,,,,,,,,,,,,,,,,,,,,,,
550e8400-e29b-41d4-a716-446655400303,HP Brown Sauce 255g,HP Brown Sauce 255g,in stock,new,2.19 GBP,https://example.com/product/550e8400-e29b-41d4-a716-446655400303,https://images.sumup.com/img_773020E0B505573DC6926E358E,,Condiments • Sauces,Condiments • Sauces,8,,,,,,,,,,,,,,,,,,,,,,,,,,,,,,,,,,,
550e8400-e29b-41d4-a716-446655400304,Captain Morgan Spiced Gold Rum 350g,Captain Morgan Spiced Gold Rum 350g,in stock,new,11.99 GBP,https://example.com/product/550e8400-e29b-41d4-a716-446655400304,https://images.sumup.com/img_FDF42E1214194FAAB2CFDEA9A2,Captain Morgan,Spirits,Spirits,13,,,,,,,,,,,,,,,,,,,,,,,,,,,,,,,,,,,
550e8400-e29b-41d4-a716-446655400305,Budweiser Lager 660g,Budweiser Lager 660g,in stock,new,2.79 GBP,https://example.com/product/550e8400-e29b-41d4-a716-446655400305,https://images.sumup.com/img_BC0787B9CBB166DBF2DD1E2D98,Budweiser,Beers,Beers,40,,,,,,,,,,,,,,,,,,,,,,,,,,,,,,,,,,,
550e8400-e29b-41d4-a716-446655400306,Lurpak Butter 250g,Lurpak Butter 250g,in stock,new,3.79 GBP,https://example.com/product/550e8400-e29b-41d4-a716-446655400306,https://images.sumup.com/img_815C1ABE06D72062BE2277DB4C,Lurpak,Butter • Spreads,Butter • Spreads,7,,,,,,,,,,,,,,,,,,,,,,,,,,,,,,,,,,,
550e8400-e29b-41d4-a716-446655400307,Hartley's Best Raspberry Jam 340g,Hartley's Best Raspberry Jam 340g,in stock,new,1.99 GBP,https://example.com/product/550e8400-e29b-41d4-a716-446655400307,https://images.sumup.com/img_D894587A2C173DDACCD3072C1B,,Spreads • Jams,Spreads • Jams,32,,,,,,,,,,,,,,,,,,,,,,,,,,,,,,,,,,,
550e8400-e29b-41d4-a716-446655400308,Bonne Maman Strawberry Jam 370g,Bonne Maman Strawberry Jam 370g,in stock,new,2.49 GBP,https://example.com/product/550e8400-e29b-41d4-a716-446655400308,https://images.sumup.com/img_71D7767DC61A93152B17B3C0F8,,Spreads • Jams,Spreads • Jams,18,,,,,,,,,,,,,,,,,,,,,,,,,,,,,,,,,,,
550e8400-e29b-41d4-a716-446655400309,Glenfiddich 12 Year Old 700g,Glenfiddich 12 Year Old 700g,in stock,new,34.99 GBP,https://example.com/product/550e8400-e29b-41d4-a716-446655400309,https://images.sumup.com/img_607E82DA02C35C0CAD04828DD8,,Spirits,Spirits,19,,,,,,,,,,,,,,,,,,,,,,,,,,,,,,,,,,,
550e8400-e29b-41d4-a716-446655400310,Colman's English Mustard 100g,Colman's English Mustard 100g,in stock,new,1.99 GBP,https://example.com/product/550e8400-e29b-41d4-a716-446655400310,https://images.sumup.com/img_51B8AB34A6661E7D41C2D8E493,,Condiments • Sauces,Condiments • Sauces,35,,,,,,,,,,,,,,,,,,,,,,,,,,,,,,,,,,,
550e8400-e29b-41d4-a716-446655400311,Haribo Tangfastics 400g,Haribo Tangfastics 400g,in stock,new,2.99 GBP,https://example.com/product/550e8400-e29b-41d4-a716-446655400311,https://images.sumup.com/img_A0324922DD136800C8FCFD01DA,Haribo,Chocolate • Sweets • Treats,Chocolate • Sweets • Treats,27,,,,,,,,,,,,,,,,,,,,,,,,,,,,,,,,,,,
550e8400-e29b-41d4-a716-446655400312,Guinness Draught 500g,Guinness Draught 500g,in stock,new,2.59 GBP,https://example.com/product/550e8400-e29b-41d4-a716-446655400312,https://images.sumup.com/img_53DE3D8517C777EA4AB2A1DF63,Guinness,Beers,Beers,39,,,,,,,,,,,,,,,,,,,,,,,,,,,,,,,,,,,
550e8400-e29b-41d4-a716-446655400313,Blue Dragon Soy Sauce 150g,Blue Dragon Soy Sauce 150g,in stock,new,1.99 GBP,https://example.com/product/550e8400-e29b-41d4-a716-446655400313,https://images.sumup.com/img_05D641C0D16FEBB9463E56A7F3,,Cooking Ingredients,Cooking Ingredients,43,,,,,,,,,,,,,,,,,,,,,,,,,,,,,,,,,,,
550e8400-e29b-41d4-a716-446655400314,Guinness Draught 440g,Guinness Draught 440g,in stock,new,2.19 GBP,https://example.com/product/550e8400-e29b-41d4-a716-446655400314,https://images.sumup.com/img_53DE3D8517C777EA4AB2A1DF63,Guinness,Beers,Beers,25,,,,,,,,,,,,,,,,,,,,,,,,,,,,,,,,,,,
550e8400-e29b-41d4-a716-446655400315,San Miguel Lager 660g,San Miguel Lager 660g,in stock,new,3.29 GBP,https://example.com/product/550e8400-e29b-41d4-a716-446655400315,https://images.sumup.com/img_583218DA16DFBB8C9E902ACF54,,Beers,Beers,17,,,,,,,,,,,,,,,,,,,,,,,,,,,,,,,,,,,
550e8400-e29b-41d4-a716-446655400316,Lucozade Energy Original 380g,Lucozade Energy Original 380g,in stock,new,1.39 GBP,https://example.com/product/550e8400-e29b-41d4-a716-446655400316,https://images.sumup.com/img_E81F410AB2A0C5E24E3DD2F6A5,Lucozade,Energy Drinks,Energy Drinks,28,,,,,,,,,,,,,,,,,,,,,,,,,,,,,,,,,,,
550e8400-e29b-41d4-a716-446655400317,Uncle Ben's Basmati Rice 1000ml,Uncle Ben's Basmati Rice 1000ml,in stock,new,4.49 GBP,https://example.com/product/550e8400-e29b-41d4-a716-446655400317,https://images.sumup.com/img_4210F6553001704000B2BAA202,,Cooking Ingredients,Cooking Ingredients,7,,,,,,,,,,,,,,,,,,,,,,,,,,,,,,,,,,,
550e8400-e29b-41d4-a716-446655400318,Kellogg's Corn Flakes 750g,Kellogg's Corn Flakes 750g,in stock,new,4.49 GBP,https://example.com/product/550e8400-e29b-41d4-a716-446655400318,https://images.sumup.com/img_6C10DF2DDFF5D376720DA23A0F,Kellogg's,Breakfast Cereals,Breakfast Cereals,17,,,,,,,,,,,,,,,,,,,,,,,,,,,,,,,,,,,
550e8400-e29b-41d4-a716-446655400319,Marmite Original 250g,Marmite Original 250g,in stock,new,3.49 GBP,https://example.com/product/550e8400-e29b-41d4-a716-446655400319,https://images.sumup.com/img_4906971367292F54D6FE7134C4,,Spreads • Jams,Spreads • Jams,38,,,,,,,,,,,,,,,,,,,,,,,,,,,,,,,,,,,
550e8400-e29b-41d4-a716-446655400320,Jammie Dodgers 140g,Jammie Dodgers 140g,in stock,new,1.29 GBP,https://example.com/product/550e8400-e29b-41d4-a716-446655400320,https://images.sumup.com/img_79B1634D55050DC91C67FEB979,,Biscuits • Cookies,Biscuits • Cookies,9,,,,,,,,,,,,,,,,,,,,,,,,,,,,,,,,,,,
550e8400-e29b-41d4-a716-446655400321,French's American Mustard 226g,French's American Mustard 226g,in stock,new,1.79 GBP,https://example.com/product/550e8400-e29b-41d4-a716-446655400321,https://images.sumup.com/img_C9F184CB9E55A1B55CFEEBF27E,,Condiments • Sauces,Condiments • Sauces,7,,,,,,,,,,,,,,,,,,,,,,,,,,,,,,,,,,,
550e8400-e29b-41d4-a716-446655400322,Relentless Origin 500g,Relentless Origin 500g,in stock,new,1.79 GBP,https://example.com/product/550e8400-e29b-41d4-a716-446655400322,https://images.sumup.com/img_E9B658A3EF56C7217B34B78936,,Energy Drinks,Energy Drinks,16,,,,,,,,,,,,,,,,,,,,,,,,,,,,,,,,,,,
550e8400-e29b-41d4-a716-446655400323,French's American Mustard 226g,French's American Mustard 226g,in stock,new,1.79 GBP,https://example.com/product/550e8400-e29b-41d4-a716-446655400323,https://images.sumup.com/img_C9F184CB9E55A1B55CFEEBF27E,,Condiments • Sauces,Condiments • Sauces,13,,,,,,,,,,,,,,,,,,,,,,,,,,,,,,,,,,,
550e8400-e29b-41d4-a716-446655400324,Nescafe Original 100g,Nescafe Original 100g,in stock,new,4.99 GBP,https://example.com/product/550e8400-e29b-41d4-a716-446655400324,https://images.sumup.com/img_BAD294475EC2C34EF6D96DEC5B,Nescafe,Coffee • Tea,Coffee • Tea,50,,,,,,,,,,,,,,,,,,,,,,,,,,,,,,,,,,,
550e8400-e29b-41d4-a716-446655400325,Muller Rice Original 190g,Muller Rice Original 190g,in stock,new,0.85 GBP,https://example.com/product/550e8400-e29b-41d4-a716-446655400325,https://images.sumup.com/img_27A760D07B385E480AD58BDAC4,Muller,Cheese • Dairy,Cheese • Dairy,17,,,,,,,,,,,,,,,,,,,,,,,,,,,,,,,,,,,
550e8400-e29b-41d4-a716-446655400326,Kellogg's Frosties 750g,Kellogg's Frosties 750g,in stock,new,4.99 GBP,https://example.com/product/550e8400-e29b-41d4-a716-446655400326,https://images.sumup.com/img_3A31664FD377AFE8CCB660454C,Kellogg's,Breakfast Cereals,Breakfast Cereals,21,,,,,,,,,,,,,,,,,,,,,,,,,,,,,,,,,,,
550e8400-e29b-41d4-a716-446655400327,M&M's Peanut 45g,M&M's Peanut 45g,in stock,new,0.99 GBP,https://example.com/product/550e8400-e29b-41d4-a716-446655400327,https://images.sumup.com/img_F159C316534B3BFE38D2875A23,M&M's,Chocolate • Sweets • Treats,Chocolate • Sweets • Treats,28,,,,,,,,,,,,,,,,,,,,,,,,,,,,,,,,,,,
550e8400-e29b-41d4-a716-446655400328,Lucozade Energy Original 380g,Lucozade Energy Original 380g,in stock,new,1.39 GBP,https://example.com/product/550e8400-e29b-41d4-a716-446655400328,https://images.sumup.com/img_E81F410AB2A0C5E24E3DD2F6A5,Lucozade,Energy Drinks,Energy Drinks,27,,,,,,,,,,,,,,,,,,,,,,,,,,,,,,,,,,,
550e8400-e29b-41d4-a716-446655400329,Warburtons Teacakes 6g,Warburtons Teacakes 6g,in stock,new,1.09 GBP,https://example.com/product/550e8400-e29b-41d4-a716-446655400329,https://images.sumup.com/img_6AF820A94FEF912E057EFDF932,Warburtons,Bakery • Bread,Bakery • Bread,48,,,,,,,,,,,,,,,,,,,,,,,,,,,,,,,,,,,
550e8400-e29b-41d4-a716-446655400330,Peanut Butter Smooth 454g,Peanut Butter Smooth 454g,in stock,new,2.99 GBP,https://example.com/product/550e8400-e29b-41d4-a716-446655400330,https://images.sumup.com/img_9E41597E69B825EDE4290CBDC4,,Spreads • Jams,Spreads • Jams,9,,,,,,,,,,,,,,,,,,,,,,,,,,,,,,,,,,,
550e8400-e29b-41d4-a716-446655400331,Jagermeister 700g,Jagermeister 700g,in stock,new,21.99 GBP,https://example.com/product/550e8400-e29b-41d4-a716-446655400331,https://images.sumup.com/img_1D07836EBC513904D6A17DC6C7,,Liqueurs,Liqueurs,32,,,,,,,,,,,,,,,,,,,,,,,,,,,,,,,,,,,
550e8400-e29b-41d4-a716-446655400332,TRS Red Lentils 1kg,TRS Red Lentils 1kg,in stock,new,3.99 GBP,https://example.com/product/550e8400-e29b-41d4-a716-446655400332,https://images.sumup.com/img_83F86D31A33B0DF479B4242100,TRS,Rice • Grains,Rice • Grains,42,,,,,,,,,,,,,,,,,,,,,,,,,,,,,,,,,,,
550e8400-e29b-41d4-a716-446655400333,Kellogg's Frosties 500g,Kellogg's Frosties 500g,in stock,new,3.49 GBP,https://example.com/product/550e8400-e29b-41d4-a716-446655400333,https://images.sumup.com/img_3A31664FD377AFE8CCB660454C,Kellogg's,Breakfast Cereals,Breakfast Cereals,44,,,,,,,,,,,,,,,,,,,,,,,,,,,,,,,,,,,
550e8400-e29b-41d4-a716-446655400334,Weetabix Original 24g,Weetabix Original 24g,in stock,new,2.49 GBP,https://example.com/product/550e8400-e29b-41d4-a716-446655400334,https://images.sumup.com/img_829C916EEE1CA1C093E2AD07EF,,Breakfast Cereals,Breakfast Cereals,37,,,,,,,,,,,,,,,,,,,,,,,,,,,,,,,,,,,
550e8400-e29b-41d4-a716-446655400335,Rockstar Energy 500g,Rockstar Energy 500g,in stock,new,1.69 GBP,https://example.com/product/550e8400-e29b-41d4-a716-446655400335,https://images.sumup.com/img_76D4C2CBE3AEB8B530C03C2DE3,,Energy Drinks,Energy Drinks,12,,,,,,,,,,,,,,,,,,,,,,,,,,,,,,,,,,,
550e8400-e29b-41d4-a716-446655400336,Schwartz Ground Cinnamon 28g,Schwartz Ground Cinnamon 28g,in stock,new,1.99 GBP,https://example.com/product/550e8400-e29b-41d4-a716-446655400336,https://images.sumup.com/img_992CD3C71F823A2F4139E1C4B1,,Spices • Seasonings,Spices • Seasonings,6,,,,,,,,,,,,,,,,,,,,,,,,,,,,,,,,,,,
550e8400-e29b-41d4-a716-446655400337,Doritos Tangy Cheese 180g,Doritos Tangy Cheese 180g,in stock,new,2.49 GBP,https://example.com/product/550e8400-e29b-41d4-a716-446655400337,https://images.sumup.com/img_5963EBD6242D07C55716FBB8CF,Doritos,Crisps • Snacks,Crisps • Snacks,39,,,,,,,,,,,,,,,,,,,,,,,,,,,,,,,,,,,
550e8400-e29b-41d4-a716-446655400338,Twinings English Breakfast 80g,Twinings English Breakfast 80g,in stock,new,3.49 GBP,https://example.com/product/550e8400-e29b-41d4-a716-446655400338,https://images.sumup.com/img_7D89C0A7A4260BA8D6A5F8CED5,,Coffee • Tea,Coffee • Tea,2,,,,,,,,,,,,,,,,,,,,,,,,,,,,,,,,,,,
550e8400-e29b-41d4-a716-446655400339,Ajmi Pappadums 200g,Ajmi Pappadums 200g,in stock,new,2.39 GBP,https://example.com/product/550e8400-e29b-41d4-a716-446655400339,https://images.sumup.com/img_EF0F6F6816DCC31E7405F3B323,Ajmi,Indian Snacks,Indian Snacks,9,,,,,,,,,,,,,,,,,,,,,,,,,,,,,,,,,,,
550e8400-e29b-41d4-a716-446655400340,Milkybar White Chocolate 25g,Milkybar White Chocolate 25g,in stock,new,0.59 GBP,https://example.com/product/550e8400-e29b-41d4-a716-446655400340,https://images.sumup.com/img_60800AF4FB074B866660B774C3,Milkybar,Chocolate • Sweets • Treats,Chocolate • Sweets • Treats,17,,,,,,,,,,,,,,,,,,,,,,,,,,,,,,,,,,,
550e8400-e29b-41d4-a716-446655400341,Schwartz Paprika 30g,Schwartz Paprika 30g,in stock,new,1.99 GBP,https://example.com/product/550e8400-e29b-41d4-a716-446655400341,https://images.sumup.com/img_317A6B2A46D6CCC8840D411C83,,Spices • Seasonings,Spices • Seasonings,28,,,,,,,,,,,,,,,,,,,,,,,,,,,,,,,,,,,
550e8400-e29b-41d4-a716-446655400342,Marmite Original 250g,Marmite Original 250g,in stock,new,3.49 GBP,https://example.com/product/550e8400-e29b-41d4-a716-446655400342,https://images.sumup.com/img_4906971367292F54D6FE7134C4,,Spreads • Jams,Spreads • Jams,36,,,,,,,,,,,,,,,,,,,,,,,,,,,,,,,,,,,
550e8400-e29b-41d4-a716-446655400343,Warburtons Toastie Bread 800g,Warburtons Toastie Bread 800g,in stock,new,1.39 GBP,https://example.com/product/550e8400-e29b-41d4-a716-446655400343,https://images.sumup.com/img_02C50F49E0447536FE37AFC4FA,Warburtons,Bakery • Bread,Bakery • Bread,28,,,,,,,,,,,,,,,,,,,,,,,,,,,,,,,,,,,
550e8400-e29b-41d4-a716-446655400344,Barefoot Merlot 750g,Barefoot Merlot 750g,in stock,new,7.99 GBP,https://example.com/product/550e8400-e29b-41d4-a716-446655400344,https://images.sumup.com/img_C774D7516D75816B4C64EC1063,,Wines,Wines,34,,,,,,,,,,,,,,,,,,,,,,,,,,,,,,,,,,,
550e8400-e29b-41d4-a716-446655400345,Ajmi Pappadums 200g,Ajmi Pappadums 200g,in stock,new,2.39 GBP,https://example.com/product/550e8400-e29b-41d4-a716-446655400345,https://images.sumup.com/img_EF0F6F6816DCC31E7405F3B323,Ajmi,Indian Snacks,Indian Snacks,30,,,,,,,,,,,,,,,,,,,,,,,,,,,,,,,,,,,
550e8400-e29b-41d4-a716-446655400346,MDH Garam Masala 100g,MDH Garam Masala 100g,in stock,new,2.89 GBP,https://example.com/product/550e8400-e29b-41d4-a716-446655400346,https://images.sumup.com/img_8A66545627AA84B0753ED3E981,MDH,Spices • Seasonings,Spices • Seasonings,47,,,,,,,,,,,,,,,,,,,,,,,,,,,,,,,,,,,
550e8400-e29b-41d4-a716-446655400347,Perrier Sparkling Water 330g,Perrier Sparkling Water 330g,in stock,new,1.19 GBP,https://example.com/product/550e8400-e29b-41d4-a716-446655400347,https://images.sumup.com/img_DC6ED9C2AD506AC7DFAB5B512F,,Soft Drinks • Water • Shakes,Soft Drinks • Water • Shakes,22,,,,,,,,,,,,,,,,,,,,,,,,,,,,,,,,,,,
550e8400-e29b-41d4-a716-446655400348,19 Crimes Chardonnay White Wine 750g,19 Crimes Chardonnay White Wine 750g,in stock,new,11.29 GBP,https://example.com/product/550e8400-e29b-41d4-a716-446655400348,https://images.sumup.com/img_18142A364AB4862EB840BB3903,19 Crimes,Wines,Wines,26,,,,,,,,,,,,,,,,,,,,,,,,,,,,,,,,,,,
550e8400-e29b-41d4-a716-446655400349,Barefoot Pinot Grigio 750g,Barefoot Pinot Grigio 750g,in stock,new,7.99 GBP,https://example.com/product/550e8400-e29b-41d4-a716-446655400349,https://images.sumup.com/img_1234576F9F3FF85C71A247485B,,Wines,Wines,42,,,,,,,,,,,,,,,,,,,,,,,,,,,,,,,,,,,
550e8400-e29b-41d4-a716-446655400350,Heinz Tomato Ketchup 910g,Heinz Tomato Ketchup 910g,in stock,new,3.99 GBP,https://example.com/product/550e8400-e29b-41d4-a716-446655400350,https://images.sumup.com/img_781F2DBA84E7D35E8FD4A64162,Heinz,Condiments • Sauces,Condiments • Sauces,50,,,,,,,,,,,,,,,,,,,,,,,,,,,,,,,,,,,
550e8400-e29b-41d4-a716-446655400351,TRS Chana Dal 2kg,TRS Chana Dal 2kg,in stock,new,6.99 GBP,https://example.com/product/550e8400-e29b-41d4-a716-446655400351,https://images.sumup.com/img_1E3ACEE3119894633C32B63FEB,TRS,Rice • Grains,Rice • Grains,22,,,,,,,,,,,,,,,,,,,,,,,,,,,,,,,,,,,
550e8400-e29b-41d4-a716-446655400352,Muller Rice Original 190g,Muller Rice Original 190g,in stock,new,0.85 GBP,https://example.com/product/550e8400-e29b-41d4-a716-446655400352,https://images.sumup.com/img_27A760D07B385E480AD58BDAC4,Muller,Cheese • Dairy,Cheese • Dairy,34,,,,,,,,,,,,,,,,,,,,,,,,,,,,,,,,,,,
550e8400-e29b-41d4-a716-446655400353,Twix Twin Bar 75g,Twix Twin Bar 75g,in stock,new,1.29 GBP,https://example.com/product/550e8400-e29b-41d4-a716-446655400353,https://images.sumup.com/img_3C7D4EC7F9812755981B158330,Twix,Chocolate • Sweets • Treats,Chocolate • Sweets • Treats,41,,,,,,,,,,,,,,,,,,,,,,,,,,,,,,,,,,,
550e8400-e29b-41d4-a716-446655400354,TRS Red Lentils 2kg,TRS Red Lentils 2kg,in stock,new,6.99 GBP,https://example.com/product/550e8400-e29b-41d4-a716-446655400354,https://images.sumup.com/img_83F86D31A33B0DF479B4242100,TRS,Rice • Grains,Rice • Grains,29,,,,,,,,,,,,,,,,,,,,,,,,,,,,,,,,,,,
550e8400-e29b-41d4-a716-446655400355,Natco Coconut Milk 400g,Natco Coconut Milk 400g,in stock,new,1.39 GBP,https://example.com/product/550e8400-e29b-41d4-a716-446655400355,https://images.sumup.com/img_F5BC9E19B7426605778A070BAB,Natco,Cooking Ingredients,Cooking Ingredients,50,,,,,,,,,,,,,,,,,,,,,,,,,,,,,,,,,,,
550e8400-e29b-41d4-a716-446655400356,Echo Falls White Zinfandel 750g,Echo Falls White Zinfandel 750g,in stock,new,6.49 GBP,https://example.com/product/550e8400-e29b-41d4-a716-446655400356,https://images.sumup.com/img_CD00AC3E6E8AEC4A5DE84A6000,,Wines,Wines,50,,,,,,,,,,,,,,,,,,,,,,,,,,,,,,,,,,,
550e8400-e29b-41d4-a716-446655400357,Smirnoff Vodka 350g,Smirnoff Vodka 350g,in stock,new,13.99 GBP,https://example.com/product/550e8400-e29b-41d4-a716-446655400357,https://images.sumup.com/img_62B45597B9E9FFD63D6D36E17C,Smirnoff,Spirits,Spirits,38,,,,,,,,,,,,,,,,,,,,,,,,,,,,,,,,,,,
550e8400-e29b-41d4-a716-446655400358,Bonne Maman Strawberry Jam 370g,Bonne Maman Strawberry Jam 370g,in stock,new,2.49 GBP,https://example.com/product/550e8400-e29b-41d4-a716-446655400358,https://images.sumup.com/img_71D7767DC61A93152B17B3C0F8,,Spreads • Jams,Spreads • Jams,31,,,,,,,,,,,,,,,,,,,,,,,,,,,,,,,,,,,
550e8400-e29b-41d4-a716-446655400359,Flash All Purpose Cleaner 500ml,Flash All Purpose Cleaner 500ml,in stock,new,2.99 GBP,https://example.com/product/550e8400-e29b-41d4-a716-446655400359,https://images.sumup.com/img_FF49F6F1E30713B5FA659A04A8,,Household,Household,47,,,,,,,,,,,,,,,,,,,,,,,,,,,,,,,,,,,
550e8400-e29b-41d4-a716-446655400360,Haldiram's Bhujia 400g,Haldiram's Bhujia 400g,in stock,new,4.99 GBP,https://example.com/product/550e8400-e29b-41d4-a716-446655400360,https://images.sumup.com/img_E4B4F55288FA3FD78D325F696E,Haldiram's,Indian Snacks,Indian Snacks,50,,,,,,,,,,,,,,,,,,,,,,,,,,,,,,,,,,,
550e8400-e29b-41d4-a716-446655400361,MDH Garam Masala 100g,MDH Garam Masala 100g,in stock,new,2.89 GBP,https://example.com/product/550e8400-e29b-41d4-a716-446655400361,https://images.sumup.com/img_8A66545627AA84B0753ED3E981,MDH,Spices • Seasonings,Spices • Seasonings,43,,,,,,,,,,,,,,,,,,,,,,,,,,,,,,,,,,,
550e8400-e29b-41d4-a716-446655400362,MDH Garam Masala 100g,MDH Garam Masala 100g,in stock,new,2.89 GBP,https://example.com/product/550e8400-e29b-41d4-a716-446655400362,https://images.sumup.com/img_8A66545627AA84B0753ED3E981,MDH,Spices • Seasonings,Spices • Seasonings,6,,,,,,,,,,,,,,,,,,,,,,,,,,,,,,,,,,,
550e8400-e29b-41d4-a716-446655400363,Haribo Tangfastics 140g,Haribo Tangfastics 140g,in stock,new,1.19 GBP,https://example.com/product/550e8400-e29b-41d4-a716-446655400363,https://images.sumup.com/img_A0324922DD136800C8FCFD01DA,Haribo,Chocolate • Sweets • Treats,Chocolate • Sweets • Treats,4,,,,,,,,,,,,,,,,,,,,,,,,,,,,,,,,,,,
550e8400-e29b-41d4-a716-446655400364,HP Brown Sauce 255g,HP Brown Sauce 255g,in stock,new,2.19 GBP,https://example.com/product/550e8400-e29b-41d4-a716-446655400364,https://images.sumup.com/img_773020E0B505573DC6926E358E,,Condiments • Sauces,Condiments • Sauces,31,,,,,,,,,,,,,,,,,,,,,,,,,,,,,,,,,,,
550e8400-e29b-41d4-a716-446655400365,Blue Dragon Soy Sauce 150g,Blue Dragon Soy Sauce 150g,in stock,new,1.99 GBP,https://example.com/product/550e8400-e29b-41d4-a716-446655400365,https://images.sumup.com/img_05D641C0D16FEBB9463E56A7F3,,Cooking Ingredients,Cooking Ingredients,36,,,,,,,,,,,,,,,,,,,,,,,,,,,,,,,,,,,
550e8400-e29b-41d4-a716-446655400366,Natco Coconut Milk 400g,Natco Coconut Milk 400g,in stock,new,1.39 GBP,https://example.com/product/550e8400-e29b-41d4-a716-446655400366,https://images.sumup.com/img_F5BC9E19B7426605778A070BAB,Natco,Cooking Ingredients,Cooking Ingredients,17,,,,,,,,,,,,,,,,,,,,,,,,,,,,,,,,,,,
550e8400-e29b-41d4-a716-446655400367,Natco Coconut Milk 400g,Natco Coconut Milk 400g,in stock,new,1.39 GBP,https://example.com/product/550e8400-e29b-41d4-a716-446655400367,https://images.sumup.com/img_F5BC9E19B7426605778A070BAB,Natco,Cooking Ingredients,Cooking Ingredients,18,,,,,,,,,,,,,,,,,,,,,,,,,,,,,,,,,,,
550e8400-e29b-41d4-a716-446655400368,Rockstar Energy 500g,Rockstar Energy 500g,in stock,new,1.69 GBP,https://example.com/product/550e8400-e29b-41d4-a716-446655400368,https://images.sumup.com/img_76D4C2CBE3AEB8B530C03C2DE3,,Energy Drinks,Energy Drinks,19,,,,,,,,,,,,,,,,,,,,,,,,,,,,,,,,,,,
550e8400-e29b-41d4-a716-446655400369,Nestle Cheerios 600g,Nestle Cheerios 600g,in stock,new,4.49 GBP,https://example.com/product/550e8400-e29b-41d4-a716-446655400369,https://images.sumup.com/img_607482BCEFA2F2C8DE56FBA530,Nestle,Breakfast Cereals,Breakfast Cereals,35,,,,,,,,,,,,,,,,,,,,,,,,,,,,,,,,,,,
550e8400-e29b-41d4-a716-446655400370,Old Speckled Hen 500g,Old Speckled Hen 500g,in stock,new,2.29 GBP,https://example.com/product/550e8400-e29b-41d4-a716-446655400370,https://images.sumup.com/img_033231E2E54ABF8E280A88CD42,,Beers,Beers,5,,,,,,,,,,,,,,,,,,,,,,,,,,,,,,,,,,,
550e8400-e29b-41d4-a716-446655400371,Heinz Mayonnaise 400g,Heinz Mayonnaise 400g,in stock,new,2.79 GBP,https://example.com/product/550e8400-e29b-41d4-a716-446655400371,https://images.sumup.com/img_8A3B1217782659840F5D127A14,Heinz,Condiments • Sauces,Condiments • Sauces,47,,,,,,,,,,,,,,,,,,,,,,,,,,,,,,,,,,,
550e8400-e29b-41d4-a716-446655400372,Walkers Salt & Vinegar 65g,Walkers Salt & Vinegar 65g,in stock,new,1.09 GBP,https://example.com/product/550e8400-e29b-41d4-a716-446655400372,https://images.sumup.com/img_3371477CA6A0C16D3DF7C676C7,Walkers,Crisps • Snacks,Crisps • Snacks,13,,,,,,,,,,,,,,,,,,,,,,,,,,,,,,,,,,,
550e8400-e29b-41d4-a716-446655400373,Bonne Maman Strawberry Jam 370g,Bonne Maman Strawberry Jam 370g,in stock,new,2.49 GBP,https://example.com/product/550e8400-e29b-41d4-a716-446655400373,https://images.sumup.com/img_71D7767DC61A93152B17B3C0F8,,Spreads • Jams,Spreads • Jams,33,,,,,,,,,,,,,,,,,,,,,,,,,,,,,,,,,,,
550e8400-e29b-41d4-a716-446655400374,Uncle Ben's Basmati Rice 1000ml,Uncle Ben's Basmati Rice 1000ml,in stock,new,4.49 GBP,https://example.com/product/550e8400-e29b-41d4-a716-446655400374,https://images.sumup.com/img_4210F6553001704000B2BAA202,,Cooking Ingredients,Cooking Ingredients,5,,,,,,,,,,,,,,,,,,,,,,,,,,,,,,,,,,,
550e8400-e29b-41d4-a716-446655400375,Fanta Orange 500g,Fanta Orange 500g,in stock,new,1.19 GBP,https://example.com/product/550e8400-e29b-41d4-a716-446655400375,https://images.sumup.com/img_65C05F4EF12B1B46037D56E15C,Fanta,Soft Drinks • Water • Shakes,Soft Drinks • Water • Shakes,30,,,,,,,,,,,,,,,,,,,,,,,,,,,,,,,,,,,
550e8400-e29b-41d4-a716-446655400376,Weetabix Original 48g,Weetabix Original 48g,out of stock,new,3.99 GBP,https://example.com/product/550e8400-e29b-41d4-a716-446655400376,https://images.sumup.com/img_829C916EEE1CA1C093E2AD07EF,,Breakfast Cereals,Breakfast Cereals,0,,,,,,,,,,,,,,,,,,,,,,,,,,,,,,,,,,,
550e8400-e29b-41d4-a716-446655400377,McVitie's Chocolate Digestives 266g,McVitie's Chocolate Digestives 266g,in stock,new,1.79 GBP,https://example.com/product/550e8400-e29b-41d4-a716-446655400377,https://images.sumup.com/img_A3A9FD7F803619C2423B693F5A,McVitie's,Biscuits • Cookies,Biscuits • Cookies,15,,,,,,,,,,,,,,,,,,,,,,,,,,,,,,,,,,,
550e8400-e29b-41d4-a716-446655400378,Flora Original 500g,Flora Original 500g,in stock,new,2.99 GBP,https://example.com/product/550e8400-e29b-41d4-a716-446655400378,https://images.sumup.com/img_59E31ED884DEF7C39490789353,,Butter • Spreads,Butter • Spreads,25,,,,,,,,,,,,,,,,,,,,,,,,,,,,,,,,,,,
550e8400-e29b-41d4-a716-446655400379,Nescafe Original 200g,Nescafe Original 200g,in stock,new,8.99 GBP,https://example.com/product/550e8400-e29b-41d4-a716-446655400379,https://images.sumup.com/img_BAD294475EC2C34EF6D96DEC5B,Nescafe,Coffee • Tea,Coffee • Tea,46,,,,,,,,,,,,,,,,,,,,,,,,,,,,,,,,,,,
550e8400-e29b-41d4-a716-446655400380,Bonne Maman Strawberry Jam 370g,Bonne Maman Strawberry Jam 370g,in stock,new,2.49 GBP,https://example.com/product/550e8400-e29b-41d4-a716-446655400380,https://images.sumup.com/img_71D7767DC61A93152B17B3C0F8,,Spreads • Jams,Spreads • Jams,10,,,,,,,,,,,,,,,,,,,,,,,,,,,,,,,,,,,
550e8400-e29b-41d4-a716-446655400381,Hellmann's Real Mayonnaise 400g,Hellmann's Real Mayonnaise 400g,in stock,new,2.99 GBP,https://example.com/product/550e8400-e29b-41d4-a716-446655400381,https://images.sumup.com/img_D90E5F3E03555F15DD39C22149,,Condiments • Sauces,Condiments • Sauces,15,,,,,,,,,,,,,,,,,,,,,,,,,,,,,,,,,,,
550e8400-e29b-41d4-a716-446655400382,San Miguel Lager 660g,San Miguel Lager 660g,in stock,new,3.29 GBP,https://example.com/product/550e8400-e29b-41d4-a716-446655400382,https://images.sumup.com/img_583218DA16DFBB8C9E902ACF54,,Beers,Beers,39,,,,,,,,,,,,,,,,,,,,,,,,,,,,,,,,,,,
550e8400-e29b-41d4-a716-446655400383,Lurpak Butter 500g,Lurpak Butter 500g,in stock,new,6.99 GBP,https://example.com/product/550e8400-e29b-41d4-a716-446655400383,https://images.sumup.com/img_815C1ABE06D72062BE2277DB4C,Lurpak,Butter • Spreads,Butter • Spreads,6,,,,,,,,,,,,,,,,,,,,,,,,,,,,,,,,,,,
550e8400-e29b-41d4-a716-446655400384,San Pellegrino Sparkling 500g,San Pellegrino Sparkling 500g,in stock,new,1.79 GBP,https://example.com/product/550e8400-e29b-41d4-a716-446655400384,https://images.sumup.com/img_EF821076AACE2D87E79B3C3A25,,Soft Drinks • Water • Shakes,Soft Drinks • Water • Shakes,49,,,,,,,,,,,,,,,,,,,,,,,,,,,,,,,,,,,
550e8400-e29b-41d4-a716-446655400385,Blue Dragon Soy Sauce 150g,Blue Dragon Soy Sauce 150g,in stock,new,1.99 GBP,https://example.com/product/550e8400-e29b-41d4-a716-446655400385,https://images.sumup.com/img_05D641C0D16FEBB9463E56A7F3,,Cooking Ingredients,Cooking Ingredients,41,,,,,,,,,,,,,,,,,,,,,,,,,,,,,,,,,,,
550e8400-e29b-41d4-a716-446655400386,Andrex Gentle Clean Toilet Tissue 9ml,Andrex Gentle Clean Toilet Tissue 9ml,in stock,new,5.99 GBP,https://example.com/product/550e8400-e29b-41d4-a716-446655400386,https://images.sumup.com/img_EFFC136A550944AB68636C97BE,Andrex,Household,Household,47,,,,,,,,,,,,,,,,,,,,,,,,,,,,,,,,,,,
550e8400-e29b-41d4-a716-446655400387,Dr Pepper 330g,Dr Pepper 330g,in stock,new,1.09 GBP,https://example.com/product/550e8400-e29b-41d4-a716-446655400387,https://images.sumup.com/img_5A2BE0DB2A48E3A257C8CC5862,Dr Pepper,Soft Drinks • Water • Shakes,Soft Drinks • Water • Shakes,50,,,,,,,,,,,,,,,,,,,,,,,,,,,,,,,,,,,
550e8400-e29b-41d4-a716-446655400388,Kellogg's Frosties 500g,Kellogg's Frosties 500g,out of stock,new,3.49 GBP,https://example.com/product/550e8400-e29b-41d4-a716-446655400388,https://images.sumup.com/img_3A31664FD377AFE8CCB660454C,Kellogg's,Breakfast Cereals,Breakfast Cereals,0,,,,,,,,,,,,,,,,,,,,,,,,,,,,,,,,,,,
550e8400-e29b-41d4-a716-446655400389,San Pellegrino Sparkling 330g,San Pellegrino Sparkling 330g,in stock,new,1.29 GBP,https://example.com/product/550e8400-e29b-41d4-a716-446655400389,https://images.sumup.com/img_EF821076AACE2D87E79B3C3A25,,Soft Drinks • Water • Shakes,Soft Drinks • Water • Shakes,12,,,,,,,,,,,,,,,,,,,,,,,,,,,,,,,,,,,
550e8400-e29b-41d4-a716-446655400390,Ajmi Pappadums 200g,Ajmi Pappadums 200g,in stock,new,2.39 GBP,https://example.com/product/550e8400-e29b-41d4-a716-446655400390,https://images.sumup.com/img_EF0F6F6816DCC31E7405F3B323,Ajmi,Indian Snacks,Indian Snacks,20,,,,,,,,,,,,,,,,,,,,,,,,,,,,,,,,,,,
550e8400-e29b-41d4-a716-446655400391,HP Brown Sauce 425g,HP Brown Sauce 425g,in stock,new,3.19 GBP,https://example.com/product/550e8400-e29b-41d4-a716-446655400391,https://images.sumup.com/img_773020E0B505573DC6926E358E,,Condiments • Sauces,Condiments • Sauces,8,,,,,,,,,,,,,,,,,,,,,,,,,,,,,,,,,,,
550e8400-e29b-41d4-a716-446655400392,Peroni Nastro Azzurro 330g,Peroni Nastro Azzurro 330g,in stock,new,1.99 GBP,https://example.com/product/550e8400-e29b-41d4-a716-446655400392,https://images.sumup.com/img_FC6147BC2BDAFC6AC6208E37EE,,Beers,Beers,25,,,,,,,,,,,,,,,,,,,,,,,,,,,,,,,,,,,
550e8400-e29b-41d4-a716-446655400393,Red Bull Sugar Free 250g,Red Bull Sugar Free 250g,in stock,new,1.69 GBP,https://example.com/product/550e8400-e29b-41d4-a716-446655400393,https://images.sumup.com/img_DB4A364D2EEEF3C46037EEE882,Red Bull,Energy Drinks,Energy Drinks,16,,,,,,,,,,,,,,,,,,,,,,,,,,,,,,,,,,,
550e8400-e29b-41d4-a716-446655400394,Volvic Touch of Fruit 1500ml,Volvic Touch of Fruit 1500ml,in stock,new,1.99 GBP,https://example.com/product/550e8400-e29b-41d4-a716-446655400394,https://images.sumup.com/img_49340E41983CB5FE588027D984,Volvic,Soft Drinks • Water • Shakes,Soft Drinks • Water • Shakes,3,,,,,,,,,,,,,,,,,,,,,,,,,,,,,,,,,,,
550e8400-e29b-41d4-a716-446655400395,Walkers Ready Salted 65g,Walkers Ready Salted 65g,in stock,new,1.09 GBP,https://example.com/product/550e8400-e29b-41d4-a716-446655400395,https://images.sumup.com/img_B4AC3CEE272A765DE36763C9FC,Walkers,Crisps • Snacks,Crisps • Snacks,11,,,,,,,,,,,,,,,,,,,,,,,,,,,,,,,,,,,
550e8400-e29b-41d4-a716-446655400396,Monster Energy Ultra 500g,Monster Energy Ultra 500g,in stock,new,1.89 GBP,https://example.com/product/550e8400-e29b-41d4-a716-446655400396,https://images.sumup.com/img_582BDE5B67C5FAB2BC77984FAF,Monster,Energy Drinks,Energy Drinks,34,,,,,,,,,,,,,,,,,,,,,,,,,,,,,,,,,,,
550e8400-e29b-41d4-a716-446655400397,Lucozade Energy Original 500g,Lucozade Energy Original 500g,in stock,new,1.69 GBP,https://example.com/product/550e8400-e29b-41d4-a716-446655400397,https://images.sumup.com/img_E81F410AB2A0C5E24E3DD2F6A5,Lucozade,Energy Drinks,Energy Drinks,14,,,,,,,,,,,,,,,,,,,,,,,,,,,,,,,,,,,
550e8400-e29b-41d4-a716-446655400398,Nescafe Original 200g,Nescafe Original 200g,in stock,new,8.99 GBP,https://example.com/product/550e8400-e29b-41d4-a716-446655400398,https://images.sumup.com/img_BAD294475EC2C34EF6D96DEC5B,Nescafe,Coffee • Tea,Coffee • Tea,23,,,,,,,,,,,,,,,,,,,,,,,,,,,,,,,,,,,
550e8400-e29b-41d4-a716-446655400399,Red Bull Energy Drink 473g,Red Bull Energy Drink 473g,in stock,new,2.99 GBP,https://example.com/product/550e8400-e29b-41d4-a716-446655400399,https://images.sumup.com/img_0454C4D8E69D0BC90871FF2A35,Red Bull,Energy Drinks,Energy Drinks,35,,,,,,,,,,,,,,,,,,,,,,,,,,,,,,,,,,,
550e8400-e29b-41d4-a716-446655400400,Kinder Bueno 43g,Kinder Bueno 43g,in stock,new,0.89 GBP,https://example.com/product/550e8400-e29b-41d4-a716-446655400400,https://images.sumup.com/img_25CA536F2CE7FBE14B2651E5CE,Kinder,Chocolate • Sweets • Treats,Chocolate • Sweets • Treats,24,,,,,,,,,,,,,,,,,,,,,,,,,,,,,,,,,,,
550e8400-e29b-41d4-a716-446655400401,Red Bull Sugar Free 250g,Red Bull Sugar Free 250g,in stock,new,1.69 GBP,https://example.com/product/550e8400-e29b-41d4-a716-446655400401,https://images.sumup.com/img_DB4A364D2EEEF3C46037EEE882,Red Bull,Energy Drinks,Energy Drinks,36,,,,,,,,,,,,,,,,,,,,,,,,,,,,,,,,,,,
550e8400-e29b-41d4-a716-446655400402,Dr Pepper 500g,Dr Pepper 500g,in stock,new,1.39 GBP,https://example.com/product/550e8400-e29b-41d4-a716-446655400402,https://images.sumup.com/img_5A2BE0DB2A48E3A257C8CC5862,Dr Pepper,Soft Drinks • Water • Shakes,Soft Drinks • Water • Shakes,44,,,,,,,,,,,,,,,,,,,,,,,,,,,,,,,,,,,
550e8400-e29b-41d4-a716-446655400403,Hovis Soft White Bread 800g,Hovis Soft White Bread 800g,in stock,new,1.29 GBP,https://example.com/product/550e8400-e29b-41d4-a716-446655400403,https://images.sumup.com/img_092DFDDE92B7FBD63AB17AB447,Hovis,Bakery • Bread,Bakery • Bread,48,,,,,,,,,,,,,,,,,,,,,,,,,,,,,,,,,,,
550e8400-e29b-41d4-a716-446655400404,Warburtons Crumpets 8g,Warburtons Crumpets 8g,in stock,new,1.29 GBP,https://example.com/product/550e8400-e29b-41d4-a716-446655400404,https://images.sumup.com/img_EA8981F85FECBCC086587EDE2F,Warburtons,Bakery • Bread,Bakery • Bread,4,,,,,,,,,,,,,,,,,,,,,,,,,,,,,,,,,,,
550e8400-e29b-41d4-a716-446655400405,Old Speckled Hen 500g,Old Speckled Hen 500g,in stock,new,2.29 GBP,https://example.com/product/550e8400-e29b-41d4-a716-446655400405,https://images.sumup.com/img_033231E2E54ABF8E280A88CD42,,Beers,Beers,8,,,,,,,,,,,,,,,,,,,,,,,,,,,,,,,,,,,
550e8400-e29b-41d4-a716-446655400406,Uncle Ben's Basmati Rice 1000ml,Uncle Ben's Basmati Rice 1000ml,in stock,new,4.49 GBP,https://example.com/product/550e8400-e29b-41d4-a716-446655400406,https://images.sumup.com/img_4210F6553001704000B2BAA202,,Cooking Ingredients,Cooking Ingredients,28,,,,,,,,,,,,,,,,,,,,,,,,,,,,,,,,,,,
550e8400-e29b-41d4-a716-446655400407,TRS Red Lentils 1kg,TRS Red Lentils 1kg,in stock,new,3.99 GBP,https://example.com/product/550e8400-e29b-41d4-a716-446655400407,https://images.sumup.com/img_83F86D31A33B0DF479B4242100,TRS,Rice • Grains,Rice • Grains,16,,,,,,,,,,,,,,,,,,,,,,,,,,,,,,,,,,,
550e8400-e29b-41d4-a716-446655400408,Irn-Bru Original 500g,Irn-Bru Original 500g,in stock,new,1.29 GBP,https://example.com/product/550e8400-e29b-41d4-a716-446655400408,https://images.sumup.com/img_4C02A1EF85F010334BCF5E86ED,,Soft Drinks • Water • Shakes,Soft Drinks • Water • Shakes,41,,,,,,,,,,,,,,,,,,,,,,,,,,,,,,,,,,,
550e8400-e29b-41d4-a716-446655400409,Muller Corner Vanilla 135g,Muller Corner Vanilla 135g,in stock,new,0.75 GBP,https://example.com/product/550e8400-e29b-41d4-a716-446655400409,https://images.sumup.com/img_6CC0008A56AAA818347D005359,Muller,Cheese • Dairy,Cheese • Dairy,40,,,,,,,,,,,,,,,,,,,,,,,,,,,,,,,,,,,
550e8400-e29b-41d4-a716-446655400410,TRS Red Lentils 2kg,TRS Red Lentils 2kg,in stock,new,6.99 GBP,https://example.com/product/550e8400-e29b-41d4-a716-446655400410,https://images.sumup.com/img_83F86D31A33B0DF479B4242100,TRS,Rice • Grains,Rice • Grains,50,,,,,,,,,,,,,,,,,,,,,,,,,,,,,,,,,,,
550e8400-e29b-41d4-a716-446655400411,Guinness Draught 440g,Guinness Draught 440g,in stock,new,2.19 GBP,https://example.com/product/550e8400-e29b-41d4-a716-446655400411,https://images.sumup.com/img_53DE3D8517C777EA4AB2A1DF63,Guinness,Beers,Beers,38,,,,,,,,,,,,,,,,,,,,,,,,,,,,,,,,,,,
550e8400-e29b-41d4-a716-446655400412,McCoy's Salt & Malt Vinegar 85g,McCoy's Salt & Malt Vinegar 85g,in stock,new,1.49 GBP,https://example.com/product/550e8400-e29b-41d4-a716-446655400412,https://images.sumup.com/img_3AD98CEE69157A0FB1A43CC492,,Crisps • Snacks,Crisps • Snacks,11,,,,,,,,,,,,,,,,,,,,,,,,,,,,,,,,,,,
550e8400-e29b-41d4-a716-446655400413,Cathedral City Mature Cheddar 200g,Cathedral City Mature Cheddar 200g,in stock,new,3.29 GBP,https://example.com/product/550e8400-e29b-41d4-a716-446655400413,https://images.sumup.com/img_DBB446980A133D85CD592D1BFA,Cathedral City,Cheese • Dairy,Cheese • Dairy,4,,,,,,,,,,,,,,,,,,,,,,,,,,,,,,,,,,,
550e8400-e29b-41d4-a716-446655400414,Yeo Valley Natural Yogurt 500g,Yeo Valley Natural Yogurt 500g,in stock,new,2.49 GBP,https://example.com/product/550e8400-e29b-41d4-a716-446655400414,https://images.sumup.com/img_97B0A00CB9E8F5532D355CC2D7,,Cheese • Dairy,Cheese • Dairy,24,,,,,,,,,,,,,,,,,,,,,,,,,,,,,,,,,,,
550e8400-e29b-41d4-a716-446655400415,Hartley's Best Raspberry Jam 340g,Hartley's Best Raspberry Jam 340g,in stock,new,1.99 GBP,https://example.com/product/550e8400-e29b-41d4-a716-446655400415,https://images.sumup.com/img_D894587A2C173DDACCD3072C1B,,Spreads • Jams,Spreads • Jams,3,,,,,,,,,,,,,,,,,,,,,,,,,,,,,,,,,,,
550e8400-e29b-41d4-a716-446655400416,Kingsmill 50/50 Bread 800g,Kingsmill 50/50 Bread 800g,in stock,new,1.29 GBP,https://example.com/product/550e8400-e29b-41d4-a716-446655400416,https://images.sumup.com/img_5474F2568C5160DC4BFB10E864,Kingsmill,Bakery • Bread,Bakery • Bread,30,,,,,,,,,,,,,,,,,,,,,,,,,,,,,,,,,,,
550e8400-e29b-41d4-a716-446655400417,Warburtons Teacakes 6g,Warburtons Teacakes 6g,in stock,new,1.09 GBP,https://example.com/product/550e8400-e29b-41d4-a716-446655400417,https://images.sumup.com/img_6AF820A94FEF912E057EFDF932,Warburtons,Bakery • Bread,Bakery • Bread,28,,,,,,,,,,,,,,,,,,,,,,,,,,,,,,,,,,,
550e8400-e29b-41d4-a716-446655400418,Nescafe Gold Blend 100g,Nescafe Gold Blend 100g,in stock,new,5.99 GBP,https://example.com/product/550e8400-e29b-41d4-a716-446655400418,https://images.sumup.com/img_BF24D8ABC25AF70214E5CDE6CC,Nescafe,Coffee • Tea,Coffee • Tea,46,,,,,,,,,,,,,,,,,,,,,,,,,,,,,,,,,,,
550e8400-e29b-41d4-a716-446655400419,McVitie's Digestives 300g,McVitie's Digestives 300g,in stock,new,1.49 GBP,https://example.com/product/550e8400-e29b-41d4-a716-446655400419,https://images.sumup.com/img_6732DFC1E3C6604F6B5F0B5E0A,McVitie's,Biscuits • Cookies,Biscuits • Cookies,9,,,,,,,,,,,,,,,,,,,,,,,,,,,,,,,,,,,
550e8400-e29b-41d4-a716-446655400420,Oreo Original 330g,Oreo Original 330g,in stock,new,2.79 GBP,https://example.com/product/550e8400-e29b-41d4-a716-446655400420,https://images.sumup.com/img_A53A7835344E7BE30A6B9D7AB6,Oreo,Biscuits • Cookies,Biscuits • Cookies,36,,,,,,,,,,,,,,,,,,,,,,,,,,,,,,,,,,,
550e8400-e29b-41d4-a716-446655400421,Monster Energy Ultra 500g,Monster Energy Ultra 500g,in stock,new,1.89 GBP,https://example.com/product/550e8400-e29b-41d4-a716-446655400421,https://images.sumup.com/img_582BDE5B67C5FAB2BC77984FAF,Monster,Energy Drinks,Energy Drinks,15,,,,,,,,,,,,,,,,,,,,,,,,,,,,,,,,,,,
550e8400-e29b-41d4-a716-446655400422,TRS Chana Dal 2kg,TRS Chana Dal 2kg,in stock,new,6.99 GBP,https://example.com/product/550e8400-e29b-41d4-a716-446655400422,https://images.sumup.com/img_1E3ACEE3119894633C32B63FEB,TRS,Rice • Grains,Rice • Grains,11,,,,,,,,,,,,,,,,,,,,,,,,,,,,,,,,,,,
550e8400-e29b-41d4-a716-446655400423,Bonne Maman Strawberry Jam 370g,Bonne Maman Strawberry Jam 370g,in stock,new,2.49 GBP,https://example.com/product/550e8400-e29b-41d4-a716-446655400423,https://images.sumup.com/img_71D7767DC61A93152B17B3C0F8,,Spreads • Jams,Spreads • Jams,45,,,,,,,,,,,,,,,,,,,,,,,,,,,,,,,,,,,
550e8400-e29b-41d4-a716-446655400424,Warburtons Teacakes 6g,Warburtons Teacakes 6g,in stock,new,1.09 GBP,https://example.com/product/550e8400-e29b-41d4-a716-446655400424,https://images.sumup.com/img_6AF820A94FEF912E057EFDF932,Warburtons,Bakery • Bread,Bakery • Bread,44,,,,,,,,,,,,,,,,,,,,,,,,,,,,,,,,,,,
550e8400-e29b-41d4-a716-446655400425,Pringles Original 165g,Pringles Original 165g,in stock,new,2.29 GBP,https://example.com/product/550e8400-e29b-41d4-a716-446655400425,https://images.sumup.com/img_CFD86ABD22E85B7AC54B17F85C,Pringles,Crisps • Snacks,Crisps • Snacks,19,,,,,,,,,,,,,,,,,,,,,,,,,,,,,,,,,,,
550e8400-e29b-41d4-a716-446655400426,Lambrini Original 750g,Lambrini Original 750g,in stock,new,3.99 GBP,https://example.com/product/550e8400-e29b-41d4-a716-446655400426,https://images.sumup.com/img_1035B2AF82C969A78B6563E9F8,,Wines,Wines,37,,,,,,,,,,,,,,,,,,,,,,,,,,,,,,,,,,,
550e8400-e29b-41d4-a716-446655400427,Monster Energy Ultra 500g,Monster Energy Ultra 500g,in stock,new,1.89 GBP,https://example.com/product/550e8400-e29b-41d4-a716-446655400427,https://images.sumup.com/img_582BDE5B67C5FAB2BC77984FAF,Monster,Energy Drinks,Energy Drinks,27,,,,,,,,,,,,,,,,,,,,,,,,,,,,,,,,,,,
550e8400-e29b-41d4-a716-446655400428,Natco Coconut Milk 400g,Natco Coconut Milk 400g,in stock,new,1.39 GBP,https://example.com/product/550e8400-e29b-41d4-a716-446655400428,https://images.sumup.com/img_F5BC9E19B7426605778A070BAB,Natco,Cooking Ingredients,Cooking Ingredients,33,,,,,,,,,,,,,,,,,,,,,,,,,,,,,,,,,,,
550e8400-e29b-41d4-a716-446655400429,Muller Rice Original 190g,Muller Rice Original 190g,in stock,new,0.85 GBP,https://example.com/product/550e8400-e29b-41d4-a716-446655400429,https://images.sumup.com/img_27A760D07B385E480AD58BDAC4,Muller,Cheese • Dairy,Cheese • Dairy,23,,,,,,,,,,,,,,,,,,,,,,,,,,,,,,,,,,,
550e8400-e29b-41d4-a716-446655400430,Haldiram's Aloo Bhujia 200g,Haldiram's Aloo Bhujia 200g,in stock,new,2.79 GBP,https://example.com/product/550e8400-e29b-41d4-a716-446655400430,https://images.sumup.com/img_5422237DF3AE0F7DC307622931,Haldiram's,Indian Snacks,Indian Snacks,30,,,,,,,,,,,,,,,,,,,,,,,,,,,,,,,,,,,
550e8400-e29b-41d4-a716-446655400431,Jaffa Cakes 110g,Jaffa Cakes 110g,in stock,new,0.99 GBP,https://example.com/product/550e8400-e29b-41d4-a716-446655400431,https://images.sumup.com/img_08D63C8C5D8159181CB34C39B4,,Biscuits • Cookies,Biscuits • Cookies,14,,,,,,,,,,,,,,,,,,,,,,,,,,,,,,,,,,,
550e8400-e29b-41d4-a716-446655400432,Haribo Tangfastics 140g,Haribo Tangfastics 140g,in stock,new,1.19 GBP,https://example.com/product/550e8400-e29b-41d4-a716-446655400432,https://images.sumup.com/img_A0324922DD136800C8FCFD01DA,Haribo,Chocolate • Sweets • Treats,Chocolate • Sweets • Treats,20,,,,,,,,,,,,,,,,,,,,,,,,,,,,,,,,,,,
550e8400-e29b-41d4-a716-446655400433,Hovis Soft White Bread 800g,Hovis Soft White Bread 800g,in stock,new,1.29 GBP,https://example.com/product/550e8400-e29b-41d4-a716-446655400433,https://images.sumup.com/img_092DFDDE92B7FBD63AB17AB447,Hovis,Bakery • Bread,Bakery • Bread,28,,,,,,,,,,,,,,,,,,,,,,,,,,,,,,,,,,,
550e8400-e29b-41d4-a716-446655400434,Kellogg's Frosties 500g,Kellogg's Frosties 500g,in stock,new,3.49 GBP,https://example.com/product/550e8400-e29b-41d4-a716-446655400434,https://images.sumup.com/img_3A31664FD377AFE8CCB660454C,Kellogg's,Breakfast Cereals,Breakfast Cereals,25,,,,,,,,,,,,,,,,,,,,,,,,,,,,,,,,,,,
550e8400-e29b-41d4-a716-446655400435,Evian Natural Mineral Water 1500ml,Evian Natural Mineral Water 1500ml,in stock,new,1.79 GBP,https://example.com/product/550e8400-e29b-41d4-a716-446655400435,https://images.sumup.com/img_B9A5DCDA7F1A8F7699197641B8,Evian,Soft Drinks • Water • Shakes,Soft Drinks • Water • Shakes,30,,,,,,,,,,,,,,,,,,,,,,,,,,,,,,,,,,,
550e8400-e29b-41d4-a716-446655400436,19 Crimes Red Blend 750g,19 Crimes Red Blend 750g,in stock,new,11.29 GBP,https://example.com/product/550e8400-e29b-41d4-a716-446655400436,https://images.sumup.com/img_0E202F72DC9F1C1496484CA095,19 Crimes,Wines,Wines,7,,,,,,,,,,,,,,,,,,,,,,,,,,,,,,,,,,,
550e8400-e29b-41d4-a716-446655400437,Fairy Liquid Original 625g,Fairy Liquid Original 625g,in stock,new,2.99 GBP,https://example.com/product/550e8400-e29b-41d4-a716-446655400437,https://images.sumup.com/img_FF293CA1C97783DF625DED1878,Fairy,Household,Household,15,,,,,,,,,,,,,,,,,,,,,,,,,,,,,,,,,,,
550e8400-e29b-41d4-a716-446655400438,TRS Chana Dal 2kg,TRS Chana Dal 2kg,in stock,new,6.99 GBP,https://example.com/product/550e8400-e29b-41d4-a716-446655400438,https://images.sumup.com/img_1E3ACEE3119894633C32B63FEB,TRS,Rice • Grains,Rice • Grains,16,,,,,,,,,,,,,,,,,,,,,,,,,,,,,,,,,,,
550e8400-e29b-41d4-a716-446655400439,Muller Corner Vanilla 135g,Muller Corner Vanilla 135g,in stock,new,0.75 GBP,https://example.com/product/550e8400-e29b-41d4-a716-446655400439,https://images.sumup.com/img_6CC0008A56AAA818347D005359,Muller,Cheese • Dairy,Cheese • Dairy,42,,,,,,,,,,,,,,,,,,,,,,,,,,,,,,,,,,,
550e8400-e29b-41d4-a716-446655400440,M&M's Peanut 165g,M&M's Peanut 165g,in stock,new,2.99 GBP,https://example.com/product/550e8400-e29b-41d4-a716-446655400440,https://images.sumup.com/img_F159C316534B3BFE38D2875A23,M&M's,Chocolate • Sweets • Treats,Chocolate • Sweets • Treats,4,,,,,,,,,,,,,,,,,,,,,,,,,,,,,,,,,,,
550e8400-e29b-41d4-a716-446655400441,Andrex Classic Clean Toilet Tissue 18ml,Andrex Classic Clean Toilet Tissue 18ml,in stock,new,9.99 GBP,https://example.com/product/550e8400-e29b-41d4-a716-446655400441,https://images.sumup.com/img_64386D34B1EBEBA132C4DFC983,Andrex,Household,Household,34,,,,,,,,,,,,,,,,,,,,,,,,,,,,,,,,,,,
550e8400-e29b-41d4-a716-446655400442,Laila Basmati Rice 5kg,Laila Basmati Rice 5kg,in stock,new,12.99 GBP,https://example.com/product/550e8400-e29b-41d4-a716-446655400442,https://images.sumup.com/img_0FCDCEF104CFCC342A6AB2817C,Laila,Rice • Grains,Rice • Grains,12,,,,,,,,,,,,,,,,,,,,,,,,,,,,,,,,,,,
550e8400-e29b-41d4-a716-446655400443,TRS Red Lentils 2kg,TRS Red Lentils 2kg,in stock,new,6.99 GBP,https://example.com/product/550e8400-e29b-41d4-a716-446655400443,https://images.sumup.com/img_83F86D31A33B0DF479B4242100,TRS,Rice • Grains,Rice • Grains,10,,,,,,,,,,,,,,,,,,,,,,,,,,,,,,,,,,,
550e8400-e29b-41d4-a716-446655400444,TRS Chana Dal 2kg,TRS Chana Dal 2kg,in stock,new,6.99 GBP,https://example.com/product/550e8400-e29b-41d4-a716-446655400444,https://images.sumup.com/img_1E3ACEE3119894633C32B63FEB,TRS,Rice • Grains,Rice • Grains,37,,,,,,,,,,,,,,,,,,,,,,,,,,,,,,,,,,,
550e8400-e29b-41d4-a716-446655400445,Quaker Oats So Simple 432g,Quaker Oats So Simple 432g,in stock,new,3.99 GBP,https://example.com/product/550e8400-e29b-41d4-a716-446655400445,https://images.sumup.com/img_19FCF432A533546959EEE3D156,,Breakfast Cereals,Breakfast Cereals,9,,,,,,,,,,,,,,,,,,,,,,,,,,,,,,,,,,,
550e8400-e29b-41d4-a716-446655400446,Fairy Liquid Original 900g,Fairy Liquid Original 900g,in stock,new,3.99 GBP,https://example.com/product/550e8400-e29b-41d4-a716-446655400446,https://images.sumup.com/img_FF293CA1C97783DF625DED1878,Fairy,Household,Household,16,,,,,,,,,,,,,,,,,,,,,,,,,,,,,,,,,,,
550e8400-e29b-41d4-a716-446655400447,Haldiram's Aloo Bhujia 200g,Haldiram's Aloo Bhujia 200g,in stock,new,2.79 GBP,https://example.com/product/550e8400-e29b-41d4-a716-446655400447,https://images.sumup.com/img_5422237DF3AE0F7DC307622931,Haldiram's,Indian Snacks,Indian Snacks,43,,,,,,,,,,,,,,,,,,,,,,,,,,,,,,,,,,,
550e8400-e29b-41d4-a716-446655400448,Bonne Maman Strawberry Jam 370g,Bonne Maman Strawberry Jam 370g,in stock,new,2.49 GBP,https://example.com/product/550e8400-e29b-41d4-a716-446655400448,https://images.sumup.com/img_71D7767DC61A93152B17B3C0F8,,Spreads • Jams,Spreads • Jams,3,,,,,,,,,,,,,,,,,,,,,,,,,,,,,,,,,,,
550e8400-e29b-41d4-a716-446655400449,Famous Grouse Scotch Whisky 700g,Famous Grouse Scotch Whisky 700g,in stock,new,19.99 GBP,https://example.com/product/550e8400-e29b-41d4-a716-446655400449,https://images.sumup.com/img_E8C0ED8345E4CC9C3A931191E0,,Spirits,Spirits,22,,,,,,,,,,,,,,,,,,,,,,,,,,,,,,,,,,,
550e8400-e29b-41d4-a716-446655400450,Natco Coconut Milk 400g,Natco Coconut Milk 400g,in stock,new,1.39 GBP,https://example.com/product/550e8400-e29b-41d4-a716-446655400450,https://images.sumup.com/img_F5BC9E19B7426605778A070BAB,Natco,Cooking Ingredients,Cooking Ingredients,19,,,,,,,,,,,,,,,,,,,,,,,,,,,,,,,,,,,
550e8400-e29b-41d4-a716-446655400451,Hovis Wholemeal Bread 800g,Hovis Wholemeal Bread 800g,in stock,new,1.39 GBP,https://example.com/product/550e8400-e29b-41d4-a716-446655400451,https://images.sumup.com/img_D34D59139B499929BC8B0A6B06,Hovis,Bakery • Bread,Bakery • Bread,8,,,,,,,,,,,,,,,,,,,,,,,,,,,,,,,,,,,
550e8400-e29b-41d4-a716-446655400452,Nestle Shreddies 675g,Nestle Shreddies 675g,in stock,new,4.49 GBP,https://example.com/product/550e8400-e29b-41d4-a716-446655400452,https://images.sumup.com/img_FCB07F9C5F5D59A88DEB7CC8C2,Nestle,Breakfast Cereals,Breakfast Cereals,13,,,,,,,,,,,,,,,,,,,,,,,,,,,,,,,,,,,
550e8400-e29b-41d4-a716-446655400453,Echo Falls White Zinfandel 750g,Echo Falls White Zinfandel 750g,in stock,new,6.49 GBP,https://example.com/product/550e8400-e29b-41d4-a716-446655400453,https://images.sumup.com/img_CD00AC3E6E8AEC4A5DE84A6000,,Wines,Wines,44,,,,,,,,,,,,,,,,,,,,,,,,,,,,,,,,,,,
550e8400-e29b-41d4-a716-446655400454,Hartley's Best Raspberry Jam 340g,Hartley's Best Raspberry Jam 340g,in stock,new,1.99 GBP,https://example.com/product/550e8400-e29b-41d4-a716-446655400454,https://images.sumup.com/img_D894587A2C173DDACCD3072C1B,,Spreads • Jams,Spreads • Jams,24,,,,,,,,,,,,,,,,,,,,,,,,,,,,,,,,,,,
550e8400-e29b-41d4-a716-446655400455,Muller Corner Vanilla 135g,Muller Corner Vanilla 135g,in stock,new,0.75 GBP,https://example.com/product/550e8400-e29b-41d4-a716-446655400455,https://images.sumup.com/img_6CC0008A56AAA818347D005359,Muller,Cheese • Dairy,Cheese • Dairy,40,,,,,,,,,,,,,,,,,,,,,,,,,,,,,,,,,,,
550e8400-e29b-41d4-a716-446655400456,Lucozade Sport Orange 500g,Lucozade Sport Orange 500g,in stock,new,1.49 GBP,https://example.com/product/550e8400-e29b-41d4-a716-446655400456,https://images.sumup.com/img_B68001C2DB1EA5C379D7A71D88,Lucozade,Energy Drinks,Energy Drinks,32,,,,,,,,,,,,,,,,,,,,,,,,,,,,,,,,,,,
550e8400-e29b-41d4-a716-446655400457,Baileys Strawberries & Cream 700g,Baileys Strawberries & Cream 700g,in stock,new,15.99 GBP,https://example.com/product/550e8400-e29b-41d4-a716-446655400457,https://images.sumup.com/img_F1FEC854FDB1F78FEDF78DB73F,Baileys,Liqueurs,Liqueurs,2,,,,,,,,,,,,,,,,,,,,,,,,,,,,,,,,,,,
550e8400-e29b-41d4-a716-446655400458,Lurpak Butter 500g,Lurpak Butter 500g,in stock,new,6.99 GBP,https://example.com/product/550e8400-e29b-41d4-a716-446655400458,https://images.sumup.com/img_815C1ABE06D72062BE2277DB4C,Lurpak,Butter • Spreads,Butter • Spreads,45,,,,,,,,,,,,,,,,,,,,,,,,,,,,,,,,,,,
550e8400-e29b-41d4-a716-446655400459,Lambrini Original 750g,Lambrini Original 750g,in stock,new,3.99 GBP,https://example.com/product/550e8400-e29b-41d4-a716-446655400459,https://images.sumup.com/img_1035B2AF82C969A78B6563E9F8,,Wines,Wines,49,,,,,,,,,,,,,,,,,,,,,,,,,,,,,,,,,,,
550e8400-e29b-41d4-a716-446655400460,Bikaji Aloo Bhujia 400g,Bikaji Aloo Bhujia 400g,in stock,new,3.99 GBP,https://example.com/product/550e8400-e29b-41d4-a716-446655400460,https://images.sumup.com/img_26CF4F029C13DF2F2032F2DD79,Bikaji,Indian Snacks,Indian Snacks,26,,,,,,,,,,,,,,,,,,,,,,,,,,,,,,,,,,,
550e8400-e29b-41d4-a716-446655400461,Tilda Pure Basmati Rice 500g,Tilda Pure Basmati Rice 500g,in stock,new,2.79 GBP,https://example.com/product/550e8400-e29b-41d4-a716-446655400461,https://images.sumup.com/img_6BF69D8378C18AF0F0249C6B96,,Cooking Ingredients,Cooking Ingredients,19,,,,,,,,,,,,,,,,,,,,,,,,,,,,,,,,,,,
550e8400-e29b-41d4-a716-446655400462,Yeo Valley Natural Yogurt 500g,Yeo Valley Natural Yogurt 500g,in stock,new,2.49 GBP,https://example.com/product/550e8400-e29b-41d4-a716-446655400462,https://images.sumup.com/img_97B0A00CB9E8F5532D355CC2D7,,Cheese • Dairy,Cheese • Dairy,13,,,,,,,,,,,,,,,,,,,,,,,,,,,,,,,,,,,
550e8400-e29b-41d4-a716-446655400463,Flora Original 500g,Flora Original 500g,in stock,new,2.99 GBP,https://example.com/product/550e8400-e29b-41d4-a716-446655400463,https://images.sumup.com/img_59E31ED884DEF7C39490789353,,Butter • Spreads,Butter • Spreads,26,,,,,,,,,,,,,,,,,,,,,,,,,,,,,,,,,,,
550e8400-e29b-41d4-a716-446655400464,Peroni Nastro Azzurro 330g,Peroni Nastro Azzurro 330g,in stock,new,1.99 GBP,https://example.com/product/550e8400-e29b-41d4-a716-446655400464,https://images.sumup.com/img_FC6147BC2BDAFC6AC6208E37EE,,Beers,Beers,37,,,,,,,,,,,,,,,,,,,,,,,,,,,,,,,,,,,
550e8400-e29b-41d4-a716-446655400465,Persil Washing Powder 1300ml,Persil Washing Powder 1300ml,in stock,new,7.99 GBP,https://example.com/product/550e8400-e29b-41d4-a716-446655400465,https://images.sumup.com/img_64B79A709EA636903D19FA6B24,Persil,Household,Household,23,,,,,,,,,,,,,,,,,,,,,,,,,,,,,,,,,,,
550e8400-e29b-41d4-a716-446655400466,19 Crimes Red Blend 750g,19 Crimes Red Blend 750g,in stock,new,11.29 GBP,https://example.com/product/550e8400-e29b-41d4-a716-446655400466,https://images.sumup.com/img_0E202F72DC9F1C1496484CA095,19 Crimes,Wines,Wines,9,,,,,,,,,,,,,,,,,,,,,,,,,,,,,,,,,,,
550e8400-e29b-41d4-a716-446655400467,Corona Extra 355g,Corona Extra 355g,in stock,new,2.19 GBP,https://example.com/product/550e8400-e29b-41d4-a716-446655400467,https://images.sumup.com/img_0286381C369C1F043B25D7F053,Corona,Beers,Beers,39,,,,,,,,,,,,,,,,,,,,,,,,,,,,,,,,,,,
550e8400-e29b-41d4-a716-446655400468,Pringles Original 165g,Pringles Original 165g,in stock,new,2.29 GBP,https://example.com/product/550e8400-e29b-41d4-a716-446655400468,https://images.sumup.com/img_CFD86ABD22E85B7AC54B17F85C,Pringles,Crisps • Snacks,Crisps • Snacks,6,,,,,,,,,,,,,,,,,,,,,,,,,,,,,,,,,,,
550e8400-e29b-41d4-a716-446655400469,Haldiram's Aloo Bhujia 200g,Haldiram's Aloo Bhujia 200g,in stock,new,2.79 GBP,https://example.com/product/550e8400-e29b-41d4-a716-446655400469,https://images.sumup.com/img_5422237DF3AE0F7DC307622931,Haldiram's,Indian Snacks,Indian Snacks,26,,,,,,,,,,,,,,,,,,,,,,,,,,,,,,,,,,,
550e8400-e29b-41d4-a716-446655400470,Laila Basmati Rice 5kg,Laila Basmati Rice 5kg,in stock,new,12.99 GBP,https://example.com/product/550e8400-e29b-41d4-a716-446655400470,https://images.sumup.com/img_0FCDCEF104CFCC342A6AB2817C,Laila,Rice • Grains,Rice • Grains,6,,,,,,,,,,,,,,,,,,,,,,,,,,,,,,,,,,,
550e8400-e29b-41d4-a716-446655400471,Rajah Curry Powder 100g,Rajah Curry Powder 100g,in stock,new,2.19 GBP,https://example.com/product/550e8400-e29b-41d4-a716-446655400471,https://images.sumup.com/img_FCBB17E3505B9A72603E42C294,Rajah,Spices • Seasonings,Spices • Seasonings,23,,,,,,,,,,,,,,,,,,,,,,,,,,,,,,,,,,,
550e8400-e29b-41d4-a716-446655400472,Kenco Smooth 100g,Kenco Smooth 100g,in stock,new,5.99 GBP,https://example.com/product/550e8400-e29b-41d4-a716-446655400472,https://images.sumup.com/img_CF63F33360A765C5D09249DAA2,,Coffee • Tea,Coffee • Tea,23,,,,,,,,,,,,,,,,,,,,,,,,,,,,,,,,,,,
550e8400-e29b-41d4-a716-446655400473,Walkers Ready Salted 150g,Walkers Ready Salted 150g,in stock,new,2.49 GBP,https://example.com/product/550e8400-e29b-41d4-a716-446655400473,https://images.sumup.com/img_B4AC3CEE272A765DE36763C9FC,Walkers,Crisps • Snacks,Crisps • Snacks,29,,,,,,,,,,,,,,,,,,,,,,,,,,,,,,,,,,,
550e8400-e29b-41d4-a716-446655400474,Douwe Egberts Pure Gold 190g,Douwe Egberts Pure Gold 190g,in stock,new,9.49 GBP,https://example.com/product/550e8400-e29b-41d4-a716-446655400474,https://images.sumup.com/img_5983F61B3F26282ED13BE0F788,,Coffee • Tea,Coffee • Tea,45,,,,,,,,,,,,,,,,,,,,,,,,,,,,,,,,,,,
550e8400-e29b-41d4-a716-446655400475,Cathedral City Mature Cheddar 550g,Cathedral City Mature Cheddar 550g,in stock,new,7.49 GBP,https://example.com/product/550e8400-e29b-41d4-a716-446655400475,https://images.sumup.com/img_DBB446980A133D85CD592D1BFA,Cathedral City,Cheese • Dairy,Cheese • Dairy,28,,,,,,,,,,,,,,,,,,,,,,,,,,,,,,,,,,,
550e8400-e29b-41d4-a716-446655400476,Peanut Butter Smooth 340g,Peanut Butter Smooth 340g,in stock,new,2.29 GBP,https://example.com/product/550e8400-e29b-41d4-a716-446655400476,https://images.sumup.com/img_9E41597E69B825EDE4290CBDC4,,Spreads • Jams,Spreads • Jams,2,,,,,,,,,,,,,,,,,,,,,,,,,,,,,,,,,,,
550e8400-e29b-41d4-a716-446655400477,Muller Corner Vanilla 135g,Muller Corner Vanilla 135g,in stock,new,0.75 GBP,https://example.com/product/550e8400-e29b-41d4-a716-446655400477,https://images.sumup.com/img_6CC0008A56AAA818347D005359,Muller,Cheese • Dairy,Cheese • Dairy,3,,,,,,,,,,,,,,,,,,,,,,,,,,,,,,,,,,,
550e8400-e29b-41d4-a716-446655400478,Nestle Shreddies 675g,Nestle Shreddies 675g,in stock,new,4.49 GBP,https://example.com/product/550e8400-e29b-41d4-a716-446655400478,https://images.sumup.com/img_FCB07F9C5F5D59A88DEB7CC8C2,Nestle,Breakfast Cereals,Breakfast Cereals,32,,,,,,,,,,,,,,,,,,,,,,,,,,,,,,,,,,,
550e8400-e29b-41d4-a716-446655400479,Tilda Pure Basmati Rice 500g,Tilda Pure Basmati Rice 500g,in stock,new,2.79 GBP,https://example.com/product/550e8400-e29b-41d4-a716-446655400479,https://images.sumup.com/img_6BF69D8378C18AF0F0249C6B96,,Cooking Ingredients,Cooking Ingredients,37,,,,,,,,,,,,,,,,,,,,,,,,,,,,,,,,,,,
550e8400-e29b-41d4-a716-446655400480,Philadelphia Soft Cheese 280g,Philadelphia Soft Cheese 280g,in stock,new,3.29 GBP,https://example.com/product/550e8400-e29b-41d4-a716-446655400480,https://images.sumup.com/img_5987200AA8B7B7FD7EB166F1C6,Philadelphia,Cheese • Dairy,Cheese • Dairy,28,,,,,,,,,,,,,,,,,,,,,,,,,,,,,,,,,,,
550e8400-e29b-41d4-a716-446655400481,Muller Corner Vanilla 135g,Muller Corner Vanilla 135g,in stock,new,0.75 GBP,https://example.com/product/550e8400-e29b-41d4-a716-446655400481,https://images.sumup.com/img_6CC0008A56AAA818347D005359,Muller,Cheese • Dairy,Cheese • Dairy,44,,,,,,,,,,,,,,,,,,,,,,,,,,,,,,,,,,,
550e8400-e29b-41d4-a716-446655400482,Cif Cream Cleaner 500ml,Cif Cream Cleaner 500ml,in stock,new,1.99 GBP,https://example.com/product/550e8400-e29b-41d4-a716-446655400482,https://images.sumup.com/img_A8D9BB8B32AA4814619951FBE9,,Household,Household,19,,,,,,,,,,,,,,,,,,,,,,,,,,,,,,,,,,,
550e8400-e29b-41d4-a716-446655400483,Red Bull Sugar Free 355g,Red Bull Sugar Free 355g,in stock,new,2.29 GBP,https://example.com/product/550e8400-e29b-41d4-a716-446655400483,https://images.sumup.com/img_DB4A364D2EEEF3C46037EEE882,Red Bull,Energy Drinks,Energy Drinks,50,,,,,,,,,,,,,,,,,,,,,,,,,,,,,,,,,,,
550e8400-e29b-41d4-a716-446655400484,Nescafe Gold Blend 100g,Nescafe Gold Blend 100g,in stock,new,5.99 GBP,https://example.com/product/550e8400-e29b-41d4-a716-446655400484,https://images.sumup.com/img_BF24D8ABC25AF70214E5CDE6CC,Nescafe,Coffee • Tea,Coffee • Tea,49,,,,,,,,,,,,,,,,,,,,,,,,,,,,,,,,,,,
550e8400-e29b-41d4-a716-446655400485,19 Crimes Chardonnay White Wine 750g,19 Crimes Chardonnay White Wine 750g,in stock,new,11.29 GBP,https://example.com/product/550e8400-e29b-41d4-a716-446655400485,https://images.sumup.com/img_18142A364AB4862EB840BB3903,19 Crimes,Wines,Wines,16,,,,,,,,,,,,,,,,,,,,,,,,,,,,,,,,,,,
550e8400-e29b-41d4-a716-446655400486,Rio Tropical 330g,Rio Tropical 330g,in stock,new,1.05 GBP,https://example.com/product/550e8400-e29b-41d4-a716-446655400486,https://images.sumup.com/img_D637AE5D09D251340B458F09F7,Rio,Soft Drinks • Water • Shakes,Soft Drinks • Water • Shakes,28,,,,,,,,,,,,,,,,,,,,,,,,,,,,,,,,,,,
550e8400-e29b-41d4-a716-446655400487,Nescafe Gold Blend 100g,Nescafe Gold Blend 100g,in stock,new,5.99 GBP,https://example.com/product/550e8400-e29b-41d4-a716-446655400487,https://images.sumup.com/img_BF24D8ABC25AF70214E5CDE6CC,Nescafe,Coffee • Tea,Coffee • Tea,46,,,,,,,,,,,,,,,,,,,,,,,,,,,,,,,,,,,
550e8400-e29b-41d4-a716-446655400488,Jaffa Cakes 110g,Jaffa Cakes 110g,in stock,new,0.99 GBP,https://example.com/product/550e8400-e29b-41d4-a716-446655400488,https://images.sumup.com/img_08D63C8C5D8159181CB34C39B4,,Biscuits • Cookies,Biscuits • Cookies,34,,,,,,,,,,,,,,,,,,,,,,,,,,,,,,,,,,,
550e8400-e29b-41d4-a716-446655400489,MDH Garam Masala 100g,MDH Garam Masala 100g,in stock,new,2.89 GBP,https://example.com/product/550e8400-e29b-41d4-a716-446655400489,https://images.sumup.com/img_8A66545627AA84B0753ED3E981,MDH,Spices • Seasonings,Spices • Seasonings,39,,,,,,,,,,,,,,,,,,,,,,,,,,,,,,,,,,,
550e8400-e29b-41d4-a716-446655400490,Dettol Antibacterial Surface Spray 500g,Dettol Antibacterial Surface Spray 500g,in stock,new,3.39 GBP,https://example.com/product/550e8400-e29b-41d4-a716-446655400490,https://images.sumup.com/img_6DD32EA39290D72BE8406E2ABC,Dettol,Household,Household,17,,,,,,,,,,,,,,,,,,,,,,,,,,,,,,,,,,,
550e8400-e29b-41d4-a716-446655400491,Kahlua Coffee Liqueur 700g,Kahlua Coffee Liqueur 700g,in stock,new,16.99 GBP,https://example.com/product/550e8400-e29b-41d4-a716-446655400491,https://images.sumup.com/img_74621E65CB55670C992D15A2FB,,Liqueurs,Liqueurs,32,,,,,,,,,,,,,,,,,,,,,,,,,,,,,,,,,,,
550e8400-e29b-41d4-a716-446655400492,MDH Garam Masala 100g,MDH Garam Masala 100g,in stock,new,2.89 GBP,https://example.com/product/550e8400-e29b-41d4-a716-446655400492,https://images.sumup.com/img_8A66545627AA84B0753ED3E981,MDH,Spices • Seasonings,Spices • Seasonings,6,,,,,,,,,,,,,,,,,,,,,,,,,,,,,,,,,,,
550e8400-e29b-41d4-a716-446655400493,HP Brown Sauce 425g,HP Brown Sauce 425g,in stock,new,3.19 GBP,https://example.com/product/550e8400-e29b-41d4-a716-446655400493,https://images.sumup.com/img_773020E0B505573DC6926E358E,,Condiments • Sauces,Condiments • Sauces,29,,,,,,,,,,,,,,,,,,,,,,,,,,,,,,,,,,,
550e8400-e29b-41d4-a716-446655400494,HP Brown Sauce 255g,HP Brown Sauce 255g,in stock,new,2.19 GBP,https://example.com/product/550e8400-e29b-41d4-a716-446655400494,https://images.sumup.com/img_773020E0B505573DC6926E358E,,Condiments • Sauces,Condiments • Sauces,27,,,,,,,,,,,,,,,,,,,,,,,,,,,,,,,,,,,
550e8400-e29b-41d4-a716-446655400495,Lurpak Butter 500g,Lurpak Butter 500g,in stock,new,6.99 GBP,https://example.com/product/550e8400-e29b-41d4-a716-446655400495,https://images.sumup.com/img_815C1ABE06D72062BE2277DB4C,Lurpak,Butter • Spreads,Butter • Spreads,35,,,,,,,,,,,,,,,,,,,,,,,,,,,,,,,,,,,
550e8400-e29b-41d4-a716-446655400496,Weetabix Original 72g,Weetabix Original 72g,in stock,new,5.49 GBP,https://example.com/product/550e8400-e29b-41d4-a716-446655400496,https://images.sumup.com/img_829C916EEE1CA1C093E2AD07EF,,Breakfast Cereals,Breakfast Cereals,36,,,,,,,,,,,,,,,,,,,,,,,,,,,,,,,,,,,
550e8400-e29b-41d4-a716-446655400497,Haldiram's Bhujia 400g,Haldiram's Bhujia 400g,in stock,new,4.99 GBP,https://example.com/product/550e8400-e29b-41d4-a716-446655400497,https://images.sumup.com/img_E4B4F55288FA3FD78D325F696E,Haldiram's,Indian Snacks,Indian Snacks,38,,,,,,,,,,,,,,,,,,,,,,,,,,,,,,,,,,,
550e8400-e29b-41d4-a716-446655400498,HP Brown Sauce 255g,HP Brown Sauce 255g,in stock,new,2.19 GBP,https://example.com/product/550e8400-e29b-41d4-a716-446655400498,https://images.sumup.com/img_773020E0B505573DC6926E358E,,Condiments • Sauces,Condiments • Sauces,22,,,,,,,,,,,,,,,,,,,,,,,,,,,,,,,,,,,
550e8400-e29b-41d4-a716-446655400499,Laila Basmati Rice 5kg,Laila Basmati Rice 5kg,in stock,new,12.99 GBP,https://example.com/product/550e8400-e29b-41d4-a716-446655400499,https://images.sumup.com/img_0FCDCEF104CFCC342A6AB2817C,Laila,Rice • Grains,Rice • Grains,28,,,,,,,,,,,,,,,,,,,,,,,,,,,,,,,,,,,
550e8400-e29b-41d4-a716-446655400500,Kingsmill 50/50 Bread 800g,Kingsmill 50/50 Bread 800g,in stock,new,1.29 GBP,https://example.com/product/550e8400-e29b-41d4-a716-446655400500,https://images.sumup.com/img_5474F2568C5160DC4BFB10E864,Kingsmill,Bakery • Bread,Bakery • Bread,45,,,,,,,,,,,,,,,,,,,,,,,,,,,,,,,,,,,
550e8400-e29b-41d4-a716-446655400501,Baileys Strawberries & Cream 700g,Baileys Strawberries & Cream 700g,in stock,new,15.99 GBP,https://example.com/product/550e8400-e29b-41d4-a716-446655400501,https://images.sumup.com/img_F1FEC854FDB1F78FEDF78DB73F,Baileys,Liqueurs,Liqueurs,23,,,,,,,,,,,,,,,,,,,,,,,,,,,,,,,,,,,
550e8400-e29b-41d4-a716-446655400502,Warburtons Teacakes 6g,Warburtons Teacakes 6g,in stock,new,1.09 GBP,https://example.com/product/550e8400-e29b-41d4-a716-446655400502,https://images.sumup.com/img_6AF820A94FEF912E057EFDF932,Warburtons,Bakery • Bread,Bakery • Bread,2,,,,,,,,,,,,,,,,,,,,,,,,,,,,,,,,,,,
550e8400-e29b-41d4-a716-446655400503,19 Crimes Red Blend 750g,19 Crimes Red Blend 750g,in stock,new,11.29 GBP,https://example.com/product/550e8400-e29b-41d4-a716-446655400503,https://images.sumup.com/img_0E202F72DC9F1C1496484CA095,19 Crimes,Wines,Wines,27,,,,,,,,,,,,,,,,,,,,,,,,,,,,,,,,,,,
550e8400-e29b-41d4-a716-446655400504,Kenco Smooth 200g,Kenco Smooth 200g,in stock,new,9.99 GBP,https://example.com/product/550e8400-e29b-41d4-a716-446655400504,https://images.sumup.com/img_CF63F33360A765C5D09249DAA2,,Coffee • Tea,Coffee • Tea,21,,,,,,,,,,,,,,,,,,,,,,,,,,,,,,,,,,,
550e8400-e29b-41d4-a716-446655400505,Haldiram's Bhujia 400g,Haldiram's Bhujia 400g,in stock,new,4.99 GBP,https://example.com/product/550e8400-e29b-41d4-a716-446655400505,https://images.sumup.com/img_E4B4F55288FA3FD78D325F696E,Haldiram's,Indian Snacks,Indian Snacks,43,,,,,,,,,,,,,,,,,,,,,,,,,,,,,,,,,,,
550e8400-e29b-41d4-a716-446655400506,Kellogg's Coco Pops 480g,Kellogg's Coco Pops 480g,in stock,new,3.49 GBP,https://example.com/product/550e8400-e29b-41d4-a716-446655400506,https://images.sumup.com/img_8E8BFC5EDC47E21050C8699F65,Kellogg's,Breakfast Cereals,Breakfast Cereals,39,,,,,,,,,,,,,,,,,,,,,,,,,,,,,,,,,,,
550e8400-e29b-41d4-a716-446655400507,Stella Artois Lager 660g,Stella Artois Lager 660g,in stock,new,2.99 GBP,https://example.com/product/550e8400-e29b-41d4-a716-446655400507,https://images.sumup.com/img_421021917A91DB3C8ACF0BAD89,Stella Artois,Beers,Beers,46,,,,,,,,,,,,,,,,,,,,,,,,,,,,,,,,,,,
550e8400-e29b-41d4-a716-446655400508,Red Bull Sugar Free 355g,Red Bull Sugar Free 355g,in stock,new,2.29 GBP,https://example.com/product/550e8400-e29b-41d4-a716-446655400508,https://images.sumup.com/img_DB4A364D2EEEF3C46037EEE882,Red Bull,Energy Drinks,Energy Drinks,29,,,,,,,,,,,,,,,,,,,,,,,,,,,,,,,,,,,
550e8400-e29b-41d4-a716-446655400509,Hovis Soft White Bread 800g,Hovis Soft White Bread 800g,in stock,new,1.29 GBP,https://example.com/product/550e8400-e29b-41d4-a716-446655400509,https://images.sumup.com/img_092DFDDE92B7FBD63AB17AB447,Hovis,Bakery • Bread,Bakery • Bread,34,,,,,,,,,,,,,,,,,,,,,,,,,,,,,,,,,,,
550e8400-e29b-41d4-a716-446655400510,Kahlua Coffee Liqueur 700g,Kahlua Coffee Liqueur 700g,in stock,new,16.99 GBP,https://example.com/product/550e8400-e29b-41d4-a716-446655400510,https://images.sumup.com/img_74621E65CB55670C992D15A2FB,,Liqueurs,Liqueurs,46,,,,,,,,,,,,,,,,,,,,,,,,,,,,,,,,,,,
550e8400-e29b-41d4-a716-446655400511,Irn-Bru Original 330g,Irn-Bru Original 330g,in stock,new,0.99 GBP,https://example.com/product/550e8400-e29b-41d4-a716-446655400511,https://images.sumup.com/img_4C02A1EF85F010334BCF5E86ED,,Soft Drinks • Water • Shakes,Soft Drinks • Water • Shakes,8,,,,,,,,,,,,,,,,,,,,,,,,,,,,,,,,,,,
550e8400-e29b-41d4-a716-446655400512,MDH Garam Masala 100g,MDH Garam Masala 100g,in stock,new,2.89 GBP,https://example.com/product/550e8400-e29b-41d4-a716-446655400512,https://images.sumup.com/img_8A66545627AA84B0753ED3E981,MDH,Spices • Seasonings,Spices • Seasonings,12,,,,,,,,,,,,,,,,,,,,,,,,,,,,,,,,,,,
550e8400-e29b-41d4-a716-446655400513,Bikaji Aloo Bhujia 400g,Bikaji Aloo Bhujia 400g,in stock,new,3.99 GBP,https://example.com/product/550e8400-e29b-41d4-a716-446655400513,https://images.sumup.com/img_26CF4F029C13DF2F2032F2DD79,Bikaji,Indian Snacks,Indian Snacks,50,,,,,,,,,,,,,,,,,,,,,,,,,,,,,,,,,,,
550e8400-e29b-41d4-a716-446655400514,Red Bull Sugar Free 355g,Red Bull Sugar Free 355g,in stock,new,2.29 GBP,https://example.com/product/550e8400-e29b-41d4-a716-446655400514,https://images.sumup.com/img_DB4A364D2EEEF3C46037EEE882,Red Bull,Energy Drinks,Energy Drinks,10,,,,,,,,,,,,,,,,,,,,,,,,,,,,,,,,,,,
550e8400-e29b-41d4-a716-446655400515,Doritos Cool Original 180g,Doritos Cool Original 180g,in stock,new,2.49 GBP,https://example.com/product/550e8400-e29b-41d4-a716-446655400515,https://images.sumup.com/img_97C7BCD410BEC1CF4745B53CB9,Doritos,Crisps • Snacks,Crisps • Snacks,17,,,,,,,,,,,,,,,,,,,,,,,,,,,,,,,,,,,
550e8400-e29b-41d4-a716-446655400516,Kettle Chips Mature Cheddar 150g,Kettle Chips Mature Cheddar 150g,in stock,new,2.19 GBP,https://example.com/product/550e8400-e29b-41d4-a716-446655400516,https://images.sumup.com/img_E1CC3C3F5728AF2D3BC4C6A077,Kettle,Crisps • Snacks,Crisps • Snacks,31,,,,,,,,,,,,,,,,,,,,,,,,,,,,,,,,,,,
550e8400-e29b-41d4-a716-446655400517,Monster Energy Ultra 500g,Monster Energy Ultra 500g,in stock,new,1.89 GBP,https://example.com/product/550e8400-e29b-41d4-a716-446655400517,https://images.sumup.com/img_582BDE5B67C5FAB2BC77984FAF,Monster,Energy Drinks,Energy Drinks,6,,,,,,,,,,,,,,,,,,,,,,,,,,,,,,,,,,,
550e8400-e29b-41d4-a716-446655400518,Red Bull Energy Drink 473g,Red Bull Energy Drink 473g,in stock,new,2.99 GBP,https://example.com/product/550e8400-e29b-41d4-a716-446655400518,https://images.sumup.com/img_0454C4D8E69D0BC90871FF2A35,Red Bull,Energy Drinks,Energy Drinks,45,,,,,,,,,,,,,,,,,,,,,,,,,,,,,,,,,,,
550e8400-e29b-41d4-a716-446655400519,Sharwood's Curry Paste 227g,Sharwood's Curry Paste 227g,in stock,new,2.49 GBP,https://example.com/product/550e8400-e29b-41d4-a716-446655400519,https://images.sumup.com/img_41446D070469A96D713FBA1CB1,,Cooking Ingredients,Cooking Ingredients,10,,,,,,,,,,,,,,,,,,,,,,,,,,,,,,,,,,,
550e8400-e29b-41d4-a716-446655400520,Smirnoff Vodka 700g,Smirnoff Vodka 700g,in stock,new,18.99 GBP,https://example.com/product/550e8400-e29b-41d4-a716-446655400520,https://images.sumup.com/img_62B45597B9E9FFD63D6D36E17C,Smirnoff,Spirits,Spirits,7,,,,,,,,,,,,,,,,,,,,,,,,,,,,,,,,,,,
550e8400-e29b-41d4-a716-446655400521,Plenty Kitchen Roll 2g,Plenty Kitchen Roll 2g,in stock,new,3.29 GBP,https://example.com/product/550e8400-e29b-41d4-a716-446655400521,https://images.sumup.com/img_B3BE849BCD1883D6AD2358DD27,Plenty,Household,Household,3,,,,,,,,,,,,,,,,,,,,,,,,,,,,,,,,,,,
550e8400-e29b-41d4-a716-446655400522,Anchor Butter 500g,Anchor Butter 500g,in stock,new,6.49 GBP,https://example.com/product/550e8400-e29b-41d4-a716-446655400522,https://images.sumup.com/img_33DA648B43EB6AC311120E5DCA,Anchor,Butter • Spreads,Butter • Spreads,47,,,,,,,,,,,,,,,,,,,,,,,,,,,,,,,,,,,
550e8400-e29b-41d4-a716-446655400523,M&M's Chocolate 45g,M&M's Chocolate 45g,in stock,new,0.99 GBP,https://example.com/product/550e8400-e29b-41d4-a716-446655400523,https://images.sumup.com/img_5A113136B0A94661FE67EA6C04,M&M's,Chocolate • Sweets • Treats,Chocolate • Sweets • Treats,31,,,,,,,,,,,,,,,,,,,,,,,,,,,,,,,,,,,
550e8400-e29b-41d4-a716-446655400524,Flora Original 500g,Flora Original 500g,in stock,new,2.99 GBP,https://example.com/product/550e8400-e29b-41d4-a716-446655400524,https://images.sumup.com/img_59E31ED884DEF7C39490789353,,Butter • Spreads,Butter • Spreads,7,,,,,,,,,,,,,,,,,,,,,,,,,,,,,,,,,,,
550e8400-e29b-41d4-a716-446655400525,Kinder Bueno 86g,Kinder Bueno 86g,in stock,new,1.79 GBP,https://example.com/product/550e8400-e29b-41d4-a716-446655400525,https://images.sumup.com/img_25CA536F2CE7FBE14B2651E5CE,Kinder,Chocolate • Sweets • Treats,Chocolate • Sweets • Treats,36,,,,,,,,,,,,,,,,,,,,,,,,,,,,,,,,,,,
550e8400-e29b-41d4-a716-446655400526,Muller Rice Original 190g,Muller Rice Original 190g,in stock,new,0.85 GBP,https://example.com/product/550e8400-e29b-41d4-a716-446655400526,https://images.sumup.com/img_27A760D07B385E480AD58BDAC4,Muller,Cheese • Dairy,Cheese • Dairy,18,,,,,,,,,,,,,,,,,,,,,,,,,,,,,,,,,,,
550e8400-e29b-41d4-a716-446655400527,Natco Coconut Milk 400g,Natco Coconut Milk 400g,in stock,new,1.39 GBP,https://example.com/product/550e8400-e29b-41d4-a716-446655400527,https://images.sumup.com/img_F5BC9E19B7426605778A070BAB,Natco,Cooking Ingredients,Cooking Ingredients,50,,,,,,,,,,,,,,,,,,,,,,,,,,,,,,,,,,,
550e8400-e29b-41d4-a716-446655400528,Pringles Original 165g,Pringles Original 165g,in stock,new,2.29 GBP,https://example.com/product/550e8400-e29b-41d4-a716-446655400528,https://images.sumup.com/img_CFD86ABD22E85B7AC54B17F85C,Pringles,Crisps • Snacks,Crisps • Snacks,5,,,,,,,,,,,,,,,,,,,,,,,,,,,,,,,,,,,
550e8400-e29b-41d4-a716-446655400529,Pepsi Max 330g,Pepsi Max 330g,in stock,new,0.99 GBP,https://example.com/product/550e8400-e29b-41d4-a716-446655400529,https://images.sumup.com/img_F927025BF121F05D9F34C516ED,Pepsi,Soft Drinks • Water • Shakes,Soft Drinks • Water • Shakes,4,,,,,,,,,,,,,,,,,,,,,,,,,,,,,,,,,,,
550e8400-e29b-41d4-a716-446655400530,Haldiram's Aloo Bhujia 200g,Haldiram's Aloo Bhujia 200g,in stock,new,2.79 GBP,https://example.com/product/550e8400-e29b-41d4-a716-446655400530,https://images.sumup.com/img_5422237DF3AE0F7DC307622931,Haldiram's,Indian Snacks,Indian Snacks,27,,,,,,,,,,,,,,,,,,,,,,,,,,,,,,,,,,,
550e8400-e29b-41d4-a716-446655400531,Yellowtail Chardonnay 750g,Yellowtail Chardonnay 750g,in stock,new,8.99 GBP,https://example.com/product/550e8400-e29b-41d4-a716-446655400531,https://images.sumup.com/img_64965A27991BFB6BE21ABA371F,,Wines,Wines,47,,,,,,,,,,,,,,,,,,,,,,,,,,,,,,,,,,,
550e8400-e29b-41d4-a716-446655400532,Malibu Caribbean Rum 700g,Malibu Caribbean Rum 700g,in stock,new,15.99 GBP,https://example.com/product/550e8400-e29b-41d4-a716-446655400532,https://images.sumup.com/img_6B7694FFCE42A6CDF71C207CB0,,Liqueurs,Liqueurs,21,,,,,,,,,,,,,,,,,,,,,,,,,,,,,,,,,,,
550e8400-e29b-41d4-a716-446655400533,Hartley's Best Raspberry Jam 340g,Hartley's Best Raspberry Jam 340g,in stock,new,1.99 GBP,https://example.com/product/550e8400-e29b-41d4-a716-446655400533,https://images.sumup.com/img_D894587A2C173DDACCD3072C1B,,Spreads • Jams,Spreads • Jams,18,,,,,,,,,,,,,,,,,,,,,,,,,,,,,,,,,,,
550e8400-e29b-41d4-a716-446655400534,Captain Morgan Spiced Gold Rum 350g,Captain Morgan Spiced Gold Rum 350g,in stock,new,11.99 GBP,https://example.com/product/550e8400-e29b-41d4-a716-446655400534,https://images.sumup.com/img_FDF42E1214194FAAB2CFDEA9A2,Captain Morgan,Spirits,Spirits,47,,,,,,,,,,,,,,,,,,,,,,,,,,,,,,,,,,,
550e8400-e29b-41d4-a716-446655400535,Gordon's London Dry Gin 700g,Gordon's London Dry Gin 700g,in stock,new,16.99 GBP,https://example.com/product/550e8400-e29b-41d4-a716-446655400535,https://images.sumup.com/img_B180E22086BFDED24447FB292A,Gordon's,Spirits,Spirits,5,,,,,,,,,,,,,,,,,,,,,,,,,,,,,,,,,,,
550e8400-e29b-41d4-a716-446655400536,Warburtons Crumpets 8g,Warburtons Crumpets 8g,in stock,new,1.29 GBP,https://example.com/product/550e8400-e29b-41d4-a716-446655400536,https://images.sumup.com/img_EA8981F85FECBCC086587EDE2F,Warburtons,Bakery • Bread,Bakery • Bread,38,,,,,,,,,,,,,,,,,,,,,,,,,,,,,,,,,,,
550e8400-e29b-41d4-a716-446655400537,Hellmann's Real Mayonnaise 600g,Hellmann's Real Mayonnaise 600g,in stock,new,4.49 GBP,https://example.com/product/550e8400-e29b-41d4-a716-446655400537,https://images.sumup.com/img_D90E5F3E03555F15DD39C22149,,Condiments • Sauces,Condiments • Sauces,45,,,,,,,,,,,,,,,,,,,,,,,,,,,,,,,,,,,
550e8400-e29b-41d4-a716-446655400538,Plenty Kitchen Roll 2g,Plenty Kitchen Roll 2g,in stock,new,3.29 GBP,https://example.com/product/550e8400-e29b-41d4-a716-446655400538,https://images.sumup.com/img_B3BE849BCD1883D6AD2358DD27,Plenty,Household,Household,42,,,,,,,,,,,,,,,,,,,,,,,,,,,,,,,,,,,
550e8400-e29b-41d4-a716-446655400539,Heinz Tomato Ketchup 910g,Heinz Tomato Ketchup 910g,in stock,new,3.99 GBP,https://example.com/product/550e8400-e29b-41d4-a716-446655400539,https://images.sumup.com/img_781F2DBA84E7D35E8FD4A64162,Heinz,Condiments • Sauces,Condiments • Sauces,1,,,,,,,,,,,,,,,,,,,,,,,,,,,,,,,,,,,
550e8400-e29b-41d4-a716-446655400540,Doritos Tangy Cheese 180g,Doritos Tangy Cheese 180g,in stock,new,2.49 GBP,https://example.com/product/550e8400-e29b-41d4-a716-446655400540,https://images.sumup.com/img_5963EBD6242D07C55716FBB8CF,Doritos,Crisps • Snacks,Crisps • Snacks,45,,,,,,,,,,,,,,,,,,,,,,,,,,,,,,,,,,,
550e8400-e29b-41d4-a716-446655400541,Cif Cream Cleaner 500ml,Cif Cream Cleaner 500ml,in stock,new,1.99 GBP,https://example.com/product/550e8400-e29b-41d4-a716-446655400541,https://images.sumup.com/img_A8D9BB8B32AA4814619951FBE9,,Household,Household,8,,,,,,,,,,,,,,,,,,,,,,,,,,,,,,,,,,,
550e8400-e29b-41d4-a716-446655400542,Nestle Cheerios 600g,Nestle Cheerios 600g,in stock,new,4.49 GBP,https://example.com/product/550e8400-e29b-41d4-a716-446655400542,https://images.sumup.com/img_607482BCEFA2F2C8DE56FBA530,Nestle,Breakfast Cereals,Breakfast Cereals,40,,,,,,,,,,,,,,,,,,,,,,,,,,,,,,,,,,,
550e8400-e29b-41d4-a716-446655400543,Kellogg's Frosties 750g,Kellogg's Frosties 750g,in stock,new,4.99 GBP,https://example.com/product/550e8400-e29b-41d4-a716-446655400543,https://images.sumup.com/img_3A31664FD377AFE8CCB660454C,Kellogg's,Breakfast Cereals,Breakfast Cereals,17,,,,,,,,,,,,,,,,,,,,,,,,,,,,,,,,,,,
550e8400-e29b-41d4-a716-446655400544,French's American Mustard 226g,French's American Mustard 226g,in stock,new,1.79 GBP,https://example.com/product/550e8400-e29b-41d4-a716-446655400544,https://images.sumup.com/img_C9F184CB9E55A1B55CFEEBF27E,,Condiments • Sauces,Condiments • Sauces,34,,,,,,,,,,,,,,,,,,,,,,,,,,,,,,,,,,,
550e8400-e29b-41d4-a716-446655400545,Flora Original 500g,Flora Original 500g,in stock,new,2.99 GBP,https://example.com/product/550e8400-e29b-41d4-a716-446655400545,https://images.sumup.com/img_59E31ED884DEF7C39490789353,,Butter • Spreads,Butter • Spreads,31,,,,,,,,,,,,,,,,,,,,,,,,,,,,,,,,,,,
550e8400-e29b-41d4-a716-446655400546,Heinz Mayonnaise 400g,Heinz Mayonnaise 400g,in stock,new,2.79 GBP,https://example.com/product/550e8400-e29b-41d4-a716-446655400546,https://images.sumup.com/img_8A3B1217782659840F5D127A14,Heinz,Condiments • Sauces,Condiments • Sauces,49,,,,,,,,,,,,,,,,,,,,,,,,,,,,,,,,,,,
550e8400-e29b-41d4-a716-446655400547,Kit Kat 4 Finger 112g,Kit Kat 4 Finger 112g,in stock,new,1.99 GBP,https://example.com/product/550e8400-e29b-41d4-a716-446655400547,https://images.sumup.com/img_4CA3909DB966231B8AEEE8B1C4,Kit Kat,Chocolate • Sweets • Treats,Chocolate • Sweets • Treats,17,,,,,,,,,,,,,,,,,,,,,,,,,,,,,,,,,,,
550e8400-e29b-41d4-a716-446655400548,Laila Basmati Rice 5kg,Laila Basmati Rice 5kg,in stock,new,12.99 GBP,https://example.com/product/550e8400-e29b-41d4-a716-446655400548,https://images.sumup.com/img_0FCDCEF104CFCC342A6AB2817C,Laila,Rice • Grains,Rice • Grains,40,,,,,,,,,,,,,,,,,,,,,,,,,,,,,,,,,,,
550e8400-e29b-41d4-a716-446655400549,Anchor Butter 500g,Anchor Butter 500g,in stock,new,6.49 GBP,https://example.com/product/550e8400-e29b-41d4-a716-446655400549,https://images.sumup.com/img_33DA648B43EB6AC311120E5DCA,Anchor,Butter • Spreads,Butter • Spreads,18,,,,,,,,,,,,,,,,,,,,,,,,,,,,,,,,,,,
550e8400-e29b-41d4-a716-446655400550,Hellmann's Real Mayonnaise 600g,Hellmann's Real Mayonnaise 600g,in stock,new,4.49 GBP,https://example.com/product/550e8400-e29b-41d4-a716-446655400550,https://images.sumup.com/img_D90E5F3E03555F15DD39C22149,,Condiments • Sauces,Condiments • Sauces,42,,,,,,,,,,,,,,,,,,,,,,,,,,,,,,,,,,,
550e8400-e29b-41d4-a716-446655400551,Kenco Smooth 100g,Kenco Smooth 100g,in stock,new,5.99 GBP,https://example.com/product/550e8400-e29b-41d4-a716-446655400551,https://images.sumup.com/img_CF63F33360A765C5D09249DAA2,,Coffee • Tea,Coffee • Tea,12,,,,,,,,,,,,,,,,,,,,,,,,,,,,,,,,,,,
550e8400-e29b-41d4-a716-446655400552,Marmite Original 250g,Marmite Original 250g,in stock,new,3.49 GBP,https://example.com/product/550e8400-e29b-41d4-a716-446655400552,https://images.sumup.com/img_4906971367292F54D6FE7134C4,,Spreads • Jams,Spreads • Jams,5,,,,,,,,,,,,,,,,,,,,,,,,,,,,,,,,,,,
550e8400-e29b-41d4-a716-446655400553,Absolut Vodka 700g,Absolut Vodka 700g,in stock,new,19.99 GBP,https://example.com/product/550e8400-e29b-41d4-a716-446655400553,https://images.sumup.com/img_BF535C11E8000B113A342D5DD1,,Spirits,Spirits,4,,,,,,,,,,,,,,,,,,,,,,,,,,,,,,,,,,,
550e8400-e29b-41d4-a716-446655400554,Weetabix Original 48g,Weetabix Original 48g,in stock,new,3.99 GBP,https://example.com/product/550e8400-e29b-41d4-a716-446655400554,https://images.sumup.com/img_829C916EEE1CA1C093E2AD07EF,,Breakfast Cereals,Breakfast Cereals,20,,,,,,,,,,,,,,,,,,,,,,,,,,,,,,,,,,,
550e8400-e29b-41d4-a716-446655400555,Hartley's Best Raspberry Jam 340g,Hartley's Best Raspberry Jam 340g,in stock,new,1.99 GBP,https://example.com/product/550e8400-e29b-41d4-a716-446655400555,https://images.sumup.com/img_D894587A2C173DDACCD3072C1B,,Spreads • Jams,Spreads • Jams,13,,,,,,,,,,,,,,,,,,,,,,,,,,,,,,,,,,,
550e8400-e29b-41d4-a716-446655400556,Kettle Chips Sea Salt 150g,Kettle Chips Sea Salt 150g,in stock,new,2.19 GBP,https://example.com/product/550e8400-e29b-41d4-a716-446655400556,https://images.sumup.com/img_369B3FBCC421E0D3B0EAF3A7DF,Kettle,Crisps • Snacks,Crisps • Snacks,40,,,,,,,,,,,,,,,,,,,,,,,,,,,,,,,,,,,
550e8400-e29b-41d4-a716-446655400557,Tetley Tea Bags 160g,Tetley Tea Bags 160g,in stock,new,4.79 GBP,https://example.com/product/550e8400-e29b-41d4-a716-446655400557,https://images.sumup.com/img_25F8AC222BAE5B6D03247DEF61,,Coffee • Tea,Coffee • Tea,33,,,,,,,,,,,,,,,,,,,,,,,,,,,,,,,,,,,
550e8400-e29b-41d4-a716-446655400558,Budweiser Lager 660g,Budweiser Lager 660g,in stock,new,2.79 GBP,https://example.com/product/550e8400-e29b-41d4-a716-446655400558,https://images.sumup.com/img_BC0787B9CBB166DBF2DD1E2D98,Budweiser,Beers,Beers,44,,,,,,,,,,,,,,,,,,,,,,,,,,,,,,,,,,,
550e8400-e29b-41d4-a716-446655400559,Uncle Ben's Basmati Rice 1000ml,Uncle Ben's Basmati Rice 1000ml,in stock,new,4.49 GBP,https://example.com/product/550e8400-e29b-41d4-a716-446655400559,https://images.sumup.com/img_4210F6553001704000B2BAA202,,Cooking Ingredients,Cooking Ingredients,1,,,,,,,,,,,,,,,,,,,,,,,,,,,,,,,,,,,
550e8400-e29b-41d4-a716-446655400560,Yorkshire Tea Bags 240g,Yorkshire Tea Bags 240g,in stock,new,6.99 GBP,https://example.com/product/550e8400-e29b-41d4-a716-446655400560,https://images.sumup.com/img_0B1EC776E778DBFF5C2EE138C6,,Coffee • Tea,Coffee • Tea,14,,,,,,,,,,,,,,,,,,,,,,,,,,,,,,,,,,,
550e8400-e29b-41d4-a716-446655400561,Cheetos Twisted 85g,Cheetos Twisted 85g,in stock,new,1.39 GBP,https://example.com/product/550e8400-e29b-41d4-a716-446655400561,https://images.sumup.com/img_A976442AA49DAF29CFDE69698C,Cheetos,Crisps • Snacks,Crisps • Snacks,21,,,,,,,,,,,,,,,,,,,,,,,,,,,,,,,,,,,
550e8400-e29b-41d4-a716-446655400562,Haldiram's Bhujia 200g,Haldiram's Bhujia 200g,in stock,new,2.79 GBP,https://example.com/product/550e8400-e29b-41d4-a716-446655400562,https://images.sumup.com/img_E4B4F55288FA3FD78D325F696E,Haldiram's,Indian Snacks,Indian Snacks,15,,,,,,,,,,,,,,,,,,,,,,,,,,,,,,,,,,,
550e8400-e29b-41d4-a716-446655400563,Fox's Golden Crunch 200g,Fox's Golden Crunch 200g,in stock,new,1.49 GBP,https://example.com/product/550e8400-e29b-41d4-a716-446655400563,https://images.sumup.com/img_9B1CBAEDFF60F8038F700BC511,,Biscuits • Cookies,Biscuits • Cookies,5,,,,,,,,,,,,,,,,,,,,,,,,,,,,,,,,,,,
550e8400-e29b-41d4-a716-446655400564,Schwartz Mixed Herbs 10g,Schwartz Mixed Herbs 10g,in stock,new,1.49 GBP,https://example.com/product/550e8400-e29b-41d4-a716-446655400564,https://images.sumup.com/img_493DA3958FEDB333A957CD3412,,Spices • Seasonings,Spices • Seasonings,33,,,,,,,,,,,,,,,,,,,,,,,,,,,,,,,,,,,
550e8400-e29b-41d4-a716-446655400565,Blue Dragon Soy Sauce 150g,Blue Dragon Soy Sauce 150g,in stock,new,1.99 GBP,https://example.com/product/550e8400-e29b-41d4-a716-446655400565,https://images.sumup.com/img_05D641C0D16FEBB9463E56A7F3,,Cooking Ingredients,Cooking Ingredients,30,,,,,,,,,,,,,,,,,,,,,,,,,,,,,,,,,,,
550e8400-e29b-41d4-a716-446655400566,Philadelphia Soft Cheese 280g,Philadelphia Soft Cheese 280g,in stock,new,3.29 GBP,https://example.com/product/550e8400-e29b-41d4-a716-446655400566,https://images.sumup.com/img_5987200AA8B7B7FD7EB166F1C6,Philadelphia,Cheese • Dairy,Cheese • Dairy,27,,,,,,,,,,,,,,,,,,,,,,,,,,,,,,,,,,,
550e8400-e29b-41d4-a716-446655400567,Yorkshire Tea Bags 240g,Yorkshire Tea Bags 240g,out of stock,new,6.99 GBP,https://example.com/product/550e8400-e29b-41d4-a716-446655400567,https://images.sumup.com/img_0B1EC776E778DBFF5C2EE138C6,,Coffee • Tea,Coffee • Tea,0,,,,,,,,,,,,,,,,,,,,,,,,,,,,,,,,,,,
550e8400-e29b-41d4-a716-446655400568,Yorkshire Tea Bags 240g,Yorkshire Tea Bags 240g,in stock,new,6.99 GBP,https://example.com/product/550e8400-e29b-41d4-a716-446655400568,https://images.sumup.com/img_0B1EC776E778DBFF5C2EE138C6,,Coffee • Tea,Coffee • Tea,18,,,,,,,,,,,,,,,,,,,,,,,,,,,,,,,,,,,
550e8400-e29b-41d4-a716-446655400569,Kingsmill 50/50 Bread 800g,Kingsmill 50/50 Bread 800g,in stock,new,1.29 GBP,https://example.com/product/550e8400-e29b-41d4-a716-446655400569,https://images.sumup.com/img_5474F2568C5160DC4BFB10E864,Kingsmill,Bakery • Bread,Bakery • Bread,16,,,,,,,,,,,,,,,,,,,,,,,,,,,,,,,,,,,
550e8400-e29b-41d4-a716-446655400570,Baileys Original Irish Cream 700g,Baileys Original Irish Cream 700g,out of stock,new,15.99 GBP,https://example.com/product/550e8400-e29b-41d4-a716-446655400570,https://images.sumup.com/img_FBB9468089CBC8084941C62C8F,Baileys,Liqueurs,Liqueurs,0,,,,,,,,,,,,,,,,,,,,,,,,,,,,,,,,,,,
550e8400-e29b-41d4-a716-446655400571,Weetabix Original 24g,Weetabix Original 24g,in stock,new,2.49 GBP,https://example.com/product/550e8400-e29b-41d4-a716-446655400571,https://images.sumup.com/img_829C916EEE1CA1C093E2AD07EF,,Breakfast Cereals,Breakfast Cereals,40,,,,,,,,,,,,,,,,,,,,,,,,,,,,,,,,,,,
550e8400-e29b-41d4-a716-446655400572,Guinness Draught 440g,Guinness Draught 440g,in stock,new,2.19 GBP,https://example.com/product/550e8400-e29b-41d4-a716-446655400572,https://images.sumup.com/img_53DE3D8517C777EA4AB2A1DF63,Guinness,Beers,Beers,13,,,,,,,,,,,,,,,,,,,,,,,,,,,,,,,,,,,
550e8400-e29b-41d4-a716-446655400573,Fox's Golden Crunch 200g,Fox's Golden Crunch 200g,in stock,new,1.49 GBP,https://example.com/product/550e8400-e29b-41d4-a716-446655400573,https://images.sumup.com/img_9B1CBAEDFF60F8038F700BC511,,Biscuits • Cookies,Biscuits • Cookies,37,,,,,,,,,,,,,,,,,,,,,,,,,,,,,,,,,,,
550e8400-e29b-41d4-a716-446655400574,Cadbury Dairy Milk 110g,Cadbury Dairy Milk 110g,in stock,new,1.99 GBP,https://example.com/product/550e8400-e29b-41d4-a716-446655400574,https://images.sumup.com/img_392AA1EB4872B3B4B550E1649E,Cadbury,Chocolate • Sweets • Treats,Chocolate • Sweets • Treats,39,,,,,,,,,,,,,,,,,,,,,,,,,,,,,,,,,,,
550e8400-e29b-41d4-a716-446655400575,TRS Red Lentils 1kg,TRS Red Lentils 1kg,in stock,new,3.99 GBP,https://example.com/product/550e8400-e29b-41d4-a716-446655400575,https://images.sumup.com/img_83F86D31A33B0DF479B4242100,TRS,Rice • Grains,Rice • Grains,18,,,,,,,,,,,,,,,,,,,,,,,,,,,,,,,,,,,
550e8400-e29b-41d4-a716-446655400576,Fanta Orange 330g,Fanta Orange 330g,in stock,new,0.89 GBP,https://example.com/product/550e8400-e29b-41d4-a716-446655400576,https://images.sumup.com/img_65C05F4EF12B1B46037D56E15C,Fanta,Soft Drinks • Water • Shakes,Soft Drinks • Water • Shakes,4,,,,,,,,,,,,,,,,,,,,,,,,,,,,,,,,,,,
550e8400-e29b-41d4-a716-446655400577,Malibu Caribbean Rum 700g,Malibu Caribbean Rum 700g,in stock,new,15.99 GBP,https://example.com/product/550e8400-e29b-41d4-a716-446655400577,https://images.sumup.com/img_6B7694FFCE42A6CDF71C207CB0,,Liqueurs,Liqueurs,38,,,,,,,,,,,,,,,,,,,,,,,,,,,,,,,,,,,
550e8400-e29b-41d4-a716-446655400578,Evian Natural Mineral Water 750g,Evian Natural Mineral Water 750g,in stock,new,1.19 GBP,https://example.com/product/550e8400-e29b-41d4-a716-446655400578,https://images.sumup.com/img_B9A5DCDA7F1A8F7699197641B8,Evian,Soft Drinks • Water • Shakes,Soft Drinks • Water • Shakes,21,,,,,,,,,,,,,,,,,,,,,,,,,,,,,,,,,,,
550e8400-e29b-41d4-a716-446655400579,Rockstar Energy 500g,Rockstar Energy 500g,in stock,new,1.69 GBP,https://example.com/product/550e8400-e29b-41d4-a716-446655400579,https://images.sumup.com/img_76D4C2CBE3AEB8B530C03C2DE3,,Energy Drinks,Energy Drinks,48,,,,,,,,,,,,,,,,,,,,,,,,,,,,,,,,,,,
550e8400-e29b-41d4-a716-446655400580,Walkers Cheese & Onion 65g,Walkers Cheese & Onion 65g,in stock,new,1.09 GBP,https://example.com/product/550e8400-e29b-41d4-a716-446655400580,https://images.sumup.com/img_C8F30A6E742F8F5421399B1E3D,Walkers,Crisps • Snacks,Crisps • Snacks,40,,,,,,,,,,,,,,,,,,,,,,,,,,,,,,,,,,,
550e8400-e29b-41d4-a716-446655400581,Relentless Origin 500g,Relentless Origin 500g,in stock,new,1.79 GBP,https://example.com/product/550e8400-e29b-41d4-a716-446655400581,https://images.sumup.com/img_E9B658A3EF56C7217B34B78936,,Energy Drinks,Energy Drinks,1,,,,,,,,,,,,,,,,,,,,,,,,,,,,,,,,,,,
550e8400-e29b-41d4-a716-446655400582,TRS Chana Dal 2kg,TRS Chana Dal 2kg,in stock,new,6.99 GBP,https://example.com/product/550e8400-e29b-41d4-a716-446655400582,https://images.sumup.com/img_1E3ACEE3119894633C32B63FEB,TRS,Rice • Grains,Rice • Grains,34,,,,,,,,,,,,,,,,,,,,,,,,,,,,,,,,,,,
550e8400-e29b-41d4-a716-446655400583,Anchor Butter 250g,Anchor Butter 250g,in stock,new,3.49 GBP,https://example.com/product/550e8400-e29b-41d4-a716-446655400583,https://images.sumup.com/img_33DA648B43EB6AC311120E5DCA,Anchor,Butter • Spreads,Butter • Spreads,10,,,,,,,,,,,,,,,,,,,,,,,,,,,,,,,,,,,
550e8400-e29b-41d4-a716-446655400584,Perrier Sparkling Water 330g,Perrier Sparkling Water 330g,in stock,new,1.19 GBP,https://example.com/product/550e8400-e29b-41d4-a716-446655400584,https://images.sumup.com/img_DC6ED9C2AD506AC7DFAB5B512F,,Soft Drinks • Water • Shakes,Soft Drinks • Water • Shakes,37,,,,,,,,,,,,,,,,,,,,,,,,,,,,,,,,,,,
550e8400-e29b-41d4-a716-446655400585,Gordon's London Dry Gin 700g,Gordon's London Dry Gin 700g,in stock,new,16.99 GBP,https://example.com/product/550e8400-e29b-41d4-a716-446655400585,https://images.sumup.com/img_B180E22086BFDED24447FB292A,Gordon's,Spirits,Spirits,9,,,,,,,,,,,,,,,,,,,,,,,,,,,,,,,,,,,
550e8400-e29b-41d4-a716-446655400586,Nestle Cheerios 375g,Nestle Cheerios 375g,in stock,new,2.99 GBP,https://example.com/product/550e8400-e29b-41d4-a716-446655400586,https://images.sumup.com/img_607482BCEFA2F2C8DE56FBA530,Nestle,Breakfast Cereals,Breakfast Cereals,27,,,,,,,,,,,,,,,,,,,,,,,,,,,,,,,,,,,
550e8400-e29b-41d4-a716-446655400587,McCoy's Salt & Malt Vinegar 85g,McCoy's Salt & Malt Vinegar 85g,in stock,new,1.49 GBP,https://example.com/product/550e8400-e29b-41d4-a716-446655400587,https://images.sumup.com/img_3AD98CEE69157A0FB1A43CC492,,Crisps • Snacks,Crisps • Snacks,26,,,,,,,,,,,,,,,,,,,,,,,,,,,,,,,,,,,
550e8400-e29b-41d4-a716-446655400588,Heinz Tomato Ketchup 910g,Heinz Tomato Ketchup 910g,in stock,new,3.99 GBP,https://example.com/product/550e8400-e29b-41d4-a716-446655400588,https://images.sumup.com/img_781F2DBA84E7D35E8FD4A64162,Heinz,Condiments • Sauces,Condiments • Sauces,37,,,,,,,,,,,,,,,,,,,,,,,,,,,,,,,,,,,
550e8400-e29b-41d4-a716-446655400589,Lucozade Energy Original 380g,Lucozade Energy Original 380g,in stock,new,1.39 GBP,https://example.com/product/550e8400-e29b-41d4-a716-446655400589,https://images.sumup.com/img_E81F410AB2A0C5E24E3DD2F6A5,Lucozade,Energy Drinks,Energy Drinks,7,,,,,,,,,,,,,,,,,,,,,,,,,,,,,,,,,,,
550e8400-e29b-41d4-a716-446655400590,Danone Activia Yogurt 125g,Danone Activia Yogurt 125g,in stock,new,0.69 GBP,https://example.com/product/550e8400-e29b-41d4-a716-446655400590,https://images.sumup.com/img_25BB17537668F2C46A66770FCC,,Cheese • Dairy,Cheese • Dairy,17,,,,,,,,,,,,,,,,,,,,,,,,,,,,,,,,,,,
550e8400-e29b-41d4-a716-446655400591,Nescafe Gold Blend 200g,Nescafe Gold Blend 200g,in stock,new,9.99 GBP,https://example.com/product/550e8400-e29b-41d4-a716-446655400591,https://images.sumup.com/img_BF24D8ABC25AF70214E5CDE6CC,Nescafe,Coffee • Tea,Coffee • Tea,40,,,,,,,,,,,,,,,,,,,,,,,,,,,,,,,,,,,
550e8400-e29b-41d4-a716-446655400592,Schwartz Mixed Herbs 10g,Schwartz Mixed Herbs 10g,in stock,new,1.49 GBP,https://example.com/product/550e8400-e29b-41d4-a716-446655400592,https://images.sumup.com/img_493DA3958FEDB333A957CD3412,,Spices • Seasonings,Spices • Seasonings,9,,,,,,,,,,,,,,,,,,,,,,,,,,,,,,,,,,,
550e8400-e29b-41d4-a716-446655400593,Snickers Bar 75g,Snickers Bar 75g,in stock,new,1.29 GBP,https://example.com/product/550e8400-e29b-41d4-a716-446655400593,https://images.sumup.com/img_47045FE4E52EF94E0289EA7518,Snickers,Chocolate • Sweets • Treats,Chocolate • Sweets • Treats,30,,,,,,,,,,,,,,,,,,,,,,,,,,,,,,,,,,,
550e8400-e29b-41d4-a716-446655400594,Jameson Irish Whiskey 350g,Jameson Irish Whiskey 350g,in stock,new,15.99 GBP,https://example.com/product/550e8400-e29b-41d4-a716-446655400594,https://images.sumup.com/img_DD31B2C25B6788216F812511E4,Jameson,Spirits,Spirits,11,,,,,,,,,,,,,,,,,,,,,,,,,,,,,,,,,,,
550e8400-e29b-41d4-a716-446655400595,Jammie Dodgers 140g,Jammie Dodgers 140g,in stock,new,1.29 GBP,https://example.com/product/550e8400-e29b-41d4-a716-446655400595,https://images.sumup.com/img_79B1634D55050DC91C67FEB979,,Biscuits • Cookies,Biscuits • Cookies,41,,,,,,,,,,,,,,,,,,,,,,,,,,,,,,,,,,,
550e8400-e29b-41d4-a716-446655400596,Desperados Tequila Beer 330g,Desperados Tequila Beer 330g,in stock,new,1.99 GBP,https://example.com/product/550e8400-e29b-41d4-a716-446655400596,https://images.sumup.com/img_E04858329025875770F1B32167,,Beers,Beers,6,,,,,,,,,,,,,,,,,,,,,,,,,,,,,,,,,,,
550e8400-e29b-41d4-a716-446655400597,Natco Coconut Milk 400g,Natco Coconut Milk 400g,in stock,new,1.39 GBP,https://example.com/product/550e8400-e29b-41d4-a716-446655400597,https://images.sumup.com/img_F5BC9E19B7426605778A070BAB,Natco,Cooking Ingredients,Cooking Ingredients,20,,,,,,,,,,,,,,,,,,,,,,,,,,,,,,,,,,,
550e8400-e29b-41d4-a716-446655400598,Cadbury Dairy Milk 360g,Cadbury Dairy Milk 360g,in stock,new,6.99 GBP,https://example.com/product/550e8400-e29b-41d4-a716-446655400598,https://images.sumup.com/img_392AA1EB4872B3B4B550E1649E,Cadbury,Chocolate • Sweets • Treats,Chocolate • Sweets • Treats,4,,,,,,,,,,,,,,,,,,,,,,,,,,,,,,,,,,,
550e8400-e29b-41d4-a716-446655400599,French's American Mustard 226g,French's American Mustard 226g,in stock,new,1.79 GBP,https://example.com/product/550e8400-e29b-41d4-a716-446655400599,https://images.sumup.com/img_C9F184CB9E55A1B55CFEEBF27E,,Condiments • Sauces,Condiments • Sauces,11,,,,,,,,,,,,,,,,,,,,,,,,,,,,,,,,,,,
550e8400-e29b-41d4-a716-446655400600,Kellogg's Special K 550g,Kellogg's Special K 550g,in stock,new,4.99 GBP,https://example.com/product/550e8400-e29b-41d4-a716-446655400600,https://images.sumup.com/img_1A0CCD87CBF4BD4D0E8293FCA2,Kellogg's,Breakfast Cereals,Breakfast Cereals,20,,,,,,,,,,,,,,,,,,,,,,,,,,,,,,,,,,,
550e8400-e29b-41d4-a716-446655400601,San Miguel Lager 660g,San Miguel Lager 660g,in stock,new,3.29 GBP,https://example.com/product/550e8400-e29b-41d4-a716-446655400601,https://images.sumup.com/img_583218DA16DFBB8C9E902ACF54,,Beers,Beers,33,,,,,,,,,,,,,,,,,,,,,,,,,,,,,,,,,,,
550e8400-e29b-41d4-a716-446655400602,M&M's Peanut 165g,M&M's Peanut 165g,in stock,new,2.99 GBP,https://example.com/product/550e8400-e29b-41d4-a716-446655400602,https://images.sumup.com/img_F159C316534B3BFE38D2875A23,M&M's,Chocolate • Sweets • Treats,Chocolate • Sweets • Treats,17,,,,,,,,,,,,,,,,,,,,,,,,,,,,,,,,,,,
550e8400-e29b-41d4-a716-446655400603,Marmite Original 250g,Marmite Original 250g,in stock,new,3.49 GBP,https://example.com/product/550e8400-e29b-41d4-a716-446655400603,https://images.sumup.com/img_4906971367292F54D6FE7134C4,,Spreads • Jams,Spreads • Jams,13,,,,,,,,,,,,,,,,,,,,,,,,,,,,,,,,,,,
550e8400-e29b-41d4-a716-446655400604,Red Bull Sugar Free 250g,Red Bull Sugar Free 250g,in stock,new,1.69 GBP,https://example.com/product/550e8400-e29b-41d4-a716-446655400604,https://images.sumup.com/img_DB4A364D2EEEF3C46037EEE882,Red Bull,Energy Drinks,Energy Drinks,33,,,,,,,,,,,,,,,,,,,,,,,,,,,,,,,,,,,
550e8400-e29b-41d4-a716-446655400605,San Miguel Lager 330g,San Miguel Lager 330g,in stock,new,1.89 GBP,https://example.com/product/550e8400-e29b-41d4-a716-446655400605,https://images.sumup.com/img_583218DA16DFBB8C9E902ACF54,,Beers,Beers,11,,,,,,,,,,,,,,,,,,,,,,,,,,,,,,,,,,,
550e8400-e29b-41d4-a716-446655400606,Haldiram's Bhujia 200g,Haldiram's Bhujia 200g,in stock,new,2.79 GBP,https://example.com/product/550e8400-e29b-41d4-a716-446655400606,https://images.sumup.com/img_E4B4F55288FA3FD78D325F696E,Haldiram's,Indian Snacks,Indian Snacks,2,,,,,,,,,,,,,,,,,,,,,,,,,,,,,,,,,,,
550e8400-e29b-41d4-a716-446655400607,TRS Red Lentils 1kg,TRS Red Lentils 1kg,in stock,new,3.99 GBP,https://example.com/product/550e8400-e29b-41d4-a716-446655400607,https://images.sumup.com/img_83F86D31A33B0DF479B4242100,TRS,Rice • Grains,Rice • Grains,11,,,,,,,,,,,,,,,,,,,,,,,,,,,,,,,,,,,
550e8400-e29b-41d4-a716-446655400608,Hellmann's Real Mayonnaise 600g,Hellmann's Real Mayonnaise 600g,in stock,new,4.49 GBP,https://example.com/product/550e8400-e29b-41d4-a716-446655400608,https://images.sumup.com/img_D90E5F3E03555F15DD39C22149,,Condiments • Sauces,Condiments • Sauces,12,,,,,,,,,,,,,,,,,,,,,,,,,,,,,,,,,,,
550e8400-e29b-41d4-a716-446655400609,Fairy Liquid Original 900g,Fairy Liquid Original 900g,in stock,new,3.99 GBP,https://example.com/product/550e8400-e29b-41d4-a716-446655400609,https://images.sumup.com/img_FF293CA1C97783DF625DED1878,Fairy,Household,Household,49,,,,,,,,,,,,,,,,,,,,,,,,,,,,,,,,,,,
550e8400-e29b-41d4-a716-446655400610,McVitie's Hobnobs 500g,McVitie's Hobnobs 500g,in stock,new,2.49 GBP,https://example.com/product/550e8400-e29b-41d4-a716-446655400610,https://images.sumup.com/img_DB6AD1B1D00280C564593F051D,McVitie's,Biscuits • Cookies,Biscuits • Cookies,26,,,,,,,,,,,,,,,,,,,,,,,,,,,,,,,,,,,
550e8400-e29b-41d4-a716-446655400611,Haldiram's Aloo Bhujia 200g,Haldiram's Aloo Bhujia 200g,in stock,new,2.79 GBP,https://example.com/product/550e8400-e29b-41d4-a716-446655400611,https://images.sumup.com/img_5422237DF3AE0F7DC307622931,Haldiram's,Indian Snacks,Indian Snacks,24,,,,,,,,,,,,,,,,,,,,,,,,,,,,,,,,,,,
550e8400-e29b-41d4-a716-446655400612,Hovis Wholemeal Bread 800g,Hovis Wholemeal Bread 800g,in stock,new,1.39 GBP,https://example.com/product/550e8400-e29b-41d4-a716-446655400612,https://images.sumup.com/img_D34D59139B499929BC8B0A6B06,Hovis,Bakery • Bread,Bakery • Bread,6,,,,,,,,,,,,,,,,,,,,,,,,,,,,,,,,,,,
550e8400-e29b-41d4-a716-446655400613,Heinz Mayonnaise 400g,Heinz Mayonnaise 400g,in stock,new,2.79 GBP,https://example.com/product/550e8400-e29b-41d4-a716-446655400613,https://images.sumup.com/img_8A3B1217782659840F5D127A14,Heinz,Condiments • Sauces,Condiments • Sauces,40,,,,,,,,,,,,,,,,,,,,,,,,,,,,,,,,,,,
550e8400-e29b-41d4-a716-446655400614,Echo Falls White Zinfandel 750g,Echo Falls White Zinfandel 750g,in stock,new,6.49 GBP,https://example.com/product/550e8400-e29b-41d4-a716-446655400614,https://images.sumup.com/img_CD00AC3E6E8AEC4A5DE84A6000,,Wines,Wines,14,,,,,,,,,,,,,,,,,,,,,,,,,,,,,,,,,,,
550e8400-e29b-41d4-a716-446655400615,Irn-Bru Original 500g,Irn-Bru Original 500g,in stock,new,1.29 GBP,https://example.com/product/550e8400-e29b-41d4-a716-446655400615,https://images.sumup.com/img_4C02A1EF85F010334BCF5E86ED,,Soft Drinks • Water • Shakes,Soft Drinks • Water • Shakes,4,,,,,,,,,,,,,,,,,,,,,,,,,,,,,,,,,,,
550e8400-e29b-41d4-a716-446655400616,Cathedral City Mature Cheddar 200g,Cathedral City Mature Cheddar 200g,in stock,new,3.29 GBP,https://example.com/product/550e8400-e29b-41d4-a716-446655400616,https://images.sumup.com/img_DBB446980A133D85CD592D1BFA,Cathedral City,Cheese • Dairy,Cheese • Dairy,7,,,,,,,,,,,,,,,,,,,,,,,,,,,,,,,,,,,
550e8400-e29b-41d4-a716-446655400617,Quality Street 650g,Quality Street 650g,in stock,new,8.99 GBP,https://example.com/product/550e8400-e29b-41d4-a716-446655400617,https://images.sumup.com/img_54F523F684A637D882988DBD34,Quality Street,Chocolate • Sweets • Treats,Chocolate • Sweets • Treats,38,,,,,,,,,,,,,,,,,,,,,,,,,,,,,,,,,,,
550e8400-e29b-41d4-a716-446655400618,Dettol Antibacterial Surface Spray 500g,Dettol Antibacterial Surface Spray 500g,in stock,new,3.39 GBP,https://example.com/product/550e8400-e29b-41d4-a716-446655400618,https://images.sumup.com/img_6DD32EA39290D72BE8406E2ABC,Dettol,Household,Household,22,,,,,,,,,,,,,,,,,,,,,,,,,,,,,,,,,,,
550e8400-e29b-41d4-a716-446655400619,Walkers Salt & Vinegar 150g,Walkers Salt & Vinegar 150g,in stock,new,2.49 GBP,https://example.com/product/550e8400-e29b-41d4-a716-446655400619,https://images.sumup.com/img_3371477CA6A0C16D3DF7C676C7,Walkers,Crisps • Snacks,Crisps • Snacks,39,,,,,,,,,,,,,,,,,,,,,,,,,,,,,,,,,,,
550e8400-e29b-41d4-a716-446655400620,McCoy's Salt & Malt Vinegar 85g,McCoy's Salt & Malt Vinegar 85g,in stock,new,1.49 GBP,https://example.com/product/550e8400-e29b-41d4-a716-446655400620,https://images.sumup.com/img_3AD98CEE69157A0FB1A43CC492,,Crisps • Snacks,Crisps • Snacks,21,,,,,,,,,,,,,,,,,,,,,,,,,,,,,,,,,,,
550e8400-e29b-41d4-a716-446655400621,Fanta Orange 500g,Fanta Orange 500g,in stock,new,1.19 GBP,https://example.com/product/550e8400-e29b-41d4-a716-446655400621,https://images.sumup.com/img_65C05F4EF12B1B46037D56E15C,Fanta,Soft Drinks • Water • Shakes,Soft Drinks • Water • Shakes,7,,,,,,,,,,,,,,,,,,,,,,,,,,,,,,,,,,,
550e8400-e29b-41d4-a716-446655400622,Flora Original 500g,Flora Original 500g,in stock,new,2.99 GBP,https://example.com/product/550e8400-e29b-41d4-a716-446655400622,https://images.sumup.com/img_59E31ED884DEF7C39490789353,,Butter • Spreads,Butter • Spreads,14,,,,,,,,,,,,,,,,,,,,,,,,,,,,,,,,,,,
550e8400-e29b-41d4-a716-446655400623,Quality Street 265g,Quality Street 265g,in stock,new,3.99 GBP,https://example.com/product/550e8400-e29b-41d4-a716-446655400623,https://images.sumup.com/img_54F523F684A637D882988DBD34,Quality Street,Chocolate • Sweets • Treats,Chocolate • Sweets • Treats,14,,,,,,,,,,,,,,,,,,,,,,,,,,,,,,,,,,,
550e8400-e29b-41d4-a716-446655400624,Nescafe Gold Blend 200g,Nescafe Gold Blend 200g,in stock,new,9.99 GBP,https://example.com/product/550e8400-e29b-41d4-a716-446655400624,https://images.sumup.com/img_BF24D8ABC25AF70214E5CDE6CC,Nescafe,Coffee • Tea,Coffee • Tea,12,,,,,,,,,,,,,,,,,,,,,,,,,,,,,,,,,,,
550e8400-e29b-41d4-a716-446655400625,TRS Red Lentils 1kg,TRS Red Lentils 1kg,in stock,new,3.99 GBP,https://example.com/product/550e8400-e29b-41d4-a716-446655400625,https://images.sumup.com/img_83F86D31A33B0DF479B4242100,TRS,Rice • Grains,Rice • Grains,35,,,,,,,,,,,,,,,,,,,,,,,,,,,,,,,,,,,
550e8400-e29b-41d4-a716-446655400626,Schwartz Ground Cinnamon 28g,Schwartz Ground Cinnamon 28g,in stock,new,1.99 GBP,https://example.com/product/550e8400-e29b-41d4-a716-446655400626,https://images.sumup.com/img_992CD3C71F823A2F4139E1C4B1,,Spices • Seasonings,Spices • Seasonings,22,,,,,,,,,,,,,,,,,,,,,,,,,,,,,,,,,,,
550e8400-e29b-41d4-a716-446655400627,PG Tips Tea Bags 160g,PG Tips Tea Bags 160g,in stock,new,4.99 GBP,https://example.com/product/550e8400-e29b-41d4-a716-446655400627,https://images.sumup.com/img_A3FE915F04AE63E4E23CA46995,,Coffee • Tea,Coffee • Tea,34,,,,,,,,,,,,,,,,,,,,,,,,,,,,,,,,,,,
550e8400-e29b-41d4-a716-446655400628,Coca-Cola Original Taste 330g,Coca-Cola Original Taste 330g,in stock,new,0.99 GBP,https://example.com/product/550e8400-e29b-41d4-a716-446655400628,https://images.sumup.com/img_C8AC2DF1B9B46957A169C74341,Coca-Cola,Soft Drinks • Water • Shakes,Soft Drinks • Water • Shakes,35,,,,,,,,,,,,,,,,,,,,,,,,,,,,,,,,,,,
550e8400-e29b-41d4-a716-446655400629,Red Bull Sugar Free 250g,Red Bull Sugar Free 250g,in stock,new,1.69 GBP,https://example.com/product/550e8400-e29b-41d4-a716-446655400629,https://images.sumup.com/img_DB4A364D2EEEF3C46037EEE882,Red Bull,Energy Drinks,Energy Drinks,44,,,,,,,,,,,,,,,,,,,,,,,,,,,,,,,,,,,
550e8400-e29b-41d4-a716-446655400630,Weetabix Original 72g,Weetabix Original 72g,in stock,new,5.49 GBP,https://example.com/product/550e8400-e29b-41d4-a716-446655400630,https://images.sumup.com/img_829C916EEE1CA1C093E2AD07EF,,Breakfast Cereals,Breakfast Cereals,12,,,,,,,,,,,,,,,,,,,,,,,,,,,,,,,,,,,
550e8400-e29b-41d4-a716-446655400631,Lambrini Original 750g,Lambrini Original 750g,in stock,new,3.99 GBP,https://example.com/product/550e8400-e29b-41d4-a716-446655400631,https://images.sumup.com/img_1035B2AF82C969A78B6563E9F8,,Wines,Wines,25,,,,,,,,,,,,,,,,,,,,,,,,,,,,,,,,,,,
550e8400-e29b-41d4-a716-446655400632,Warburtons Toastie Bread 800g,Warburtons Toastie Bread 800g,in stock,new,1.39 GBP,https://example.com/product/550e8400-e29b-41d4-a716-446655400632,https://images.sumup.com/img_02C50F49E0447536FE37AFC4FA,Warburtons,Bakery • Bread,Bakery • Bread,43,,,,,,,,,,,,,,,,,,,,,,,,,,,,,,,,,,,
550e8400-e29b-41d4-a716-446655400633,Bonne Maman Strawberry Jam 370g,Bonne Maman Strawberry Jam 370g,in stock,new,2.49 GBP,https://example.com/product/550e8400-e29b-41d4-a716-446655400633,https://images.sumup.com/img_71D7767DC61A93152B17B3C0F8,,Spreads • Jams,Spreads • Jams,47,,,,,,,,,,,,,,,,,,,,,,,,,,,,,,,,,,,
550e8400-e29b-41d4-a716-446655400634,Baileys Strawberries & Cream 700g,Baileys Strawberries & Cream 700g,in stock,new,15.99 GBP,https://example.com/product/550e8400-e29b-41d4-a716-446655400634,https://images.sumup.com/img_F1FEC854FDB1F78FEDF78DB73F,Baileys,Liqueurs,Liqueurs,27,,,,,,,,,,,,,,,,,,,,,,,,,,,,,,,,,,,
550e8400-e29b-41d4-a716-446655400635,Blue Dragon Soy Sauce 150g,Blue Dragon Soy Sauce 150g,in stock,new,1.99 GBP,https://example.com/product/550e8400-e29b-41d4-a716-446655400635,https://images.sumup.com/img_05D641C0D16FEBB9463E56A7F3,,Cooking Ingredients,Cooking Ingredients,3,,,,,,,,,,,,,,,,,,,,,,,,,,,,,,,,,,,
550e8400-e29b-41d4-a716-446655400636,Anchor Butter 500g,Anchor Butter 500g,in stock,new,6.49 GBP,https://example.com/product/550e8400-e29b-41d4-a716-446655400636,https://images.sumup.com/img_33DA648B43EB6AC311120E5DCA,Anchor,Butter • Spreads,Butter • Spreads,27,,,,,,,,,,,,,,,,,,,,,,,,,,,,,,,,,,,
550e8400-e29b-41d4-a716-446655400637,PG Tips Tea Bags 240g,PG Tips Tea Bags 240g,in stock,new,6.99 GBP,https://example.com/product/550e8400-e29b-41d4-a716-446655400637,https://images.sumup.com/img_A3FE915F04AE63E4E23CA46995,,Coffee • Tea,Coffee • Tea,31,,,,,,,,,,,,,,,,,,,,,,,,,,,,,,,,,,,
550e8400-e29b-41d4-a716-446655400638,Red Bull Energy Drink 355g,Red Bull Energy Drink 355g,in stock,new,2.29 GBP,https://example.com/product/550e8400-e29b-41d4-a716-446655400638,https://images.sumup.com/img_0454C4D8E69D0BC90871FF2A35,Red Bull,Energy Drinks,Energy Drinks,41,,,,,,,,,,,,,,,,,,,,,,,,,,,,,,,,,,,
550e8400-e29b-41d4-a716-446655400639,Yellowtail Chardonnay 750g,Yellowtail Chardonnay 750g,in stock,new,8.99 GBP,https://example.com/product/550e8400-e29b-41d4-a716-446655400639,https://images.sumup.com/img_64965A27991BFB6BE21ABA371F,,Wines,Wines,28,,,,,,,,,,,,,,,,,,,,,,,,,,,,,,,,,,,
550e8400-e29b-41d4-a716-446655400640,Flash All Purpose Cleaner 500ml,Flash All Purpose Cleaner 500ml,out of stock,new,2.99 GBP,https://example.com/product/550e8400-e29b-41d4-a716-446655400640,https://images.sumup.com/img_FF49F6F1E30713B5FA659A04A8,,Household,Household,0,,,,,,,,,,,,,,,,,,,,,,,,,,,,,,,,,,,
550e8400-e29b-41d4-a716-446655400641,Jagermeister 350g,Jagermeister 350g,in stock,new,12.99 GBP,https://example.com/product/550e8400-e29b-41d4-a716-446655400641,https://images.sumup.com/img_1D07836EBC513904D6A17DC6C7,,Liqueurs,Liqueurs,30,,,,,,,,,,,,,,,,,,,,,,,,,,,,,,,,,,,
550e8400-e29b-41d4-a716-446655400642,McCoy's Salt & Malt Vinegar 85g,McCoy's Salt & Malt Vinegar 85g,in stock,new,1.49 GBP,https://example.com/product/550e8400-e29b-41d4-a716-446655400642,https://images.sumup.com/img_3AD98CEE69157A0FB1A43CC492,,Crisps • Snacks,Crisps • Snacks,34,,,,,,,,,,,,,,,,,,,,,,,,,,,,,,,,,,,
550e8400-e29b-41d4-a716-446655400643,Nestle Coffee Mate 400g,Nestle Coffee Mate 400g,in stock,new,3.99 GBP,https://example.com/product/550e8400-e29b-41d4-a716-446655400643,https://images.sumup.com/img_6BA2A4398F847E4980A6B21DA7,Nestle,Coffee • Tea,Coffee • Tea,19,,,,,,,,,,,,,,,,,,,,,,,,,,,,,,,,,,,
550e8400-e29b-41d4-a716-446655400644,Hardy's VR Shiraz 750g,Hardy's VR Shiraz 750g,in stock,new,6.99 GBP,https://example.com/product/550e8400-e29b-41d4-a716-446655400644,https://images.sumup.com/img_76124B14677A959A75B296F4B8,,Wines,Wines,28,,,,,,,,,,,,,,,,,,,,,,,,,,,,,,,,,,,
550e8400-e29b-41d4-a716-446655400645,Hellmann's Real Mayonnaise 600g,Hellmann's Real Mayonnaise 600g,in stock,new,4.49 GBP,https://example.com/product/550e8400-e29b-41d4-a716-446655400645,https://images.sumup.com/img_D90E5F3E03555F15DD39C22149,,Condiments • Sauces,Condiments • Sauces,16,,,,,,,,,,,,,,,,,,,,,,,,,,,,,,,,,,,
550e8400-e29b-41d4-a716-446655400646,Schwartz Ground Cinnamon 28g,Schwartz Ground Cinnamon 28g,in stock,new,1.99 GBP,https://example.com/product/550e8400-e29b-41d4-a716-446655400646,https://images.sumup.com/img_992CD3C71F823A2F4139E1C4B1,,Spices • Seasonings,Spices • Seasonings,19,,,,,,,,,,,,,,,,,,,,,,,,,,,,,,,,,,,
550e8400-e29b-41d4-a716-446655400647,Nutella Hazelnut Spread 400g,Nutella Hazelnut Spread 400g,in stock,new,3.99 GBP,https://example.com/product/550e8400-e29b-41d4-a716-446655400647,https://images.sumup.com/img_ECCEC4894B2E6656C20EF046B1,Nutella,Spreads • Jams,Spreads • Jams,11,,,,,,,,,,,,,,,,,,,,,,,,,,,,,,,,,,,
550e8400-e29b-41d4-a716-446655400648,Uncle Ben's Basmati Rice 1000ml,Uncle Ben's Basmati Rice 1000ml,in stock,new,4.49 GBP,https://example.com/product/550e8400-e29b-41d4-a716-446655400648,https://images.sumup.com/img_4210F6553001704000B2BAA202,,Cooking Ingredients,Cooking Ingredients,42,,,,,,,,,,,,,,,,,,,,,,,,,,,,,,,,,,,
550e8400-e29b-41d4-a716-446655400649,Lurpak Butter 250g,Lurpak Butter 250g,in stock,new,3.79 GBP,https://example.com/product/550e8400-e29b-41d4-a716-446655400649,https://images.sumup.com/img_815C1ABE06D72062BE2277DB4C,Lurpak,Butter • Spreads,Butter • Spreads,12,,,,,,,,,,,,,,,,,,,,,,,,,,,,,,,,,,,
550e8400-e29b-41d4-a716-446655400650,Kellogg's Special K 500g,Kellogg's Special K 500g,in stock,new,3.99 GBP,https://example.com/product/550e8400-e29b-41d4-a716-446655400650,https://images.sumup.com/img_1A0CCD87CBF4BD4D0E8293FCA2,Kellogg's,Breakfast Cereals,Breakfast Cereals,36,,,,,,,,,,,,,,,,,,,,,,,,,,,,,,,,,,,
550e8400-e29b-41d4-a716-446655400651,Dr Pepper 500g,Dr Pepper 500g,in stock,new,1.39 GBP,https://example.com/product/550e8400-e29b-41d4-a716-446655400651,https://images.sumup.com/img_5A2BE0DB2A48E3A257C8CC5862,Dr Pepper,Soft Drinks • Water • Shakes,Soft Drinks • Water • Shakes,49,,,,,,,,,,,,,,,,,,,,,,,,,,,,,,,,,,,
550e8400-e29b-41d4-a716-446655400652,Anchor Butter 250g,Anchor Butter 250g,in stock,new,3.49 GBP,https://example.com/product/550e8400-e29b-41d4-a716-446655400652,https://images.sumup.com/img_33DA648B43EB6AC311120E5DCA,Anchor,Butter • Spreads,Butter • Spreads,28,,,,,,,,,,,,,,,,,,,,,,,,,,,,,,,,,,,
550e8400-e29b-41d4-a716-446655400653,Stella Artois Lager 660g,Stella Artois Lager 660g,in stock,new,2.99 GBP,https://example.com/product/550e8400-e29b-41d4-a716-446655400653,https://images.sumup.com/img_421021917A91DB3C8ACF0BAD89,Stella Artois,Beers,Beers,6,,,,,,,,,,,,,,,,,,,,,,,,,,,,,,,,,,,
550e8400-e29b-41d4-a716-446655400654,Kellogg's Coco Pops 480g,Kellogg's Coco Pops 480g,in stock,new,3.49 GBP,https://example.com/product/550e8400-e29b-41d4-a716-446655400654,https://images.sumup.com/img_8E8BFC5EDC47E21050C8699F65,Kellogg's,Breakfast Cereals,Breakfast Cereals,45,,,,,,,,,,,,,,,,,,,,,,,,,,,,,,,,,,,
550e8400-e29b-41d4-a716-446655400655,Corona Extra 355g,Corona Extra 355g,in stock,new,2.19 GBP,https://example.com/product/550e8400-e29b-41d4-a716-446655400655,https://images.sumup.com/img_0286381C369C1F043B25D7F053,Corona,Beers,Beers,45,,,,,,,,,,,,,,,,,,,,,,,,,,,,,,,,,,,
550e8400-e29b-41d4-a716-446655400656,Smirnoff Vodka 700g,Smirnoff Vodka 700g,in stock,new,18.99 GBP,https://example.com/product/550e8400-e29b-41d4-a716-446655400656,https://images.sumup.com/img_62B45597B9E9FFD63D6D36E17C,Smirnoff,Spirits,Spirits,48,,,,,,,,,,,,,,,,,,,,,,,,,,,,,,,,,,,
550e8400-e29b-41d4-a716-446655400657,PG Tips Tea Bags 80g,PG Tips Tea Bags 80g,in stock,new,2.99 GBP,https://example.com/product/550e8400-e29b-41d4-a716-446655400657,https://images.sumup.com/img_A3FE915F04AE63E4E23CA46995,,Coffee • Tea,Coffee • Tea,45,,,,,,,,,,,,,,,,,,,,,,,,,,,,,,,,,,,
550e8400-e29b-41d4-a716-446655400658,Marmite Original 250g,Marmite Original 250g,in stock,new,3.49 GBP,https://example.com/product/550e8400-e29b-41d4-a716-446655400658,https://images.sumup.com/img_4906971367292F54D6FE7134C4,,Spreads • Jams,Spreads • Jams,23,,,,,,,,,,,,,,,,,,,,,,,,,,,,,,,,,,,
550e8400-e29b-41d4-a716-446655400659,Kellogg's Frosties 500g,Kellogg's Frosties 500g,in stock,new,3.49 GBP,https://example.com/product/550e8400-e29b-41d4-a716-446655400659,https://images.sumup.com/img_3A31664FD377AFE8CCB660454C,Kellogg's,Breakfast Cereals,Breakfast Cereals,3,,,,,,,,,,,,,,,,,,,,,,,,,,,,,,,,,,,
550e8400-e29b-41d4-a716-446655400660,Glenfiddich 12 Year Old 700g,Glenfiddich 12 Year Old 700g,in stock,new,34.99 GBP,https://example.com/product/550e8400-e29b-41d4-a716-446655400660,https://images.sumup.com/img_607E82DA02C35C0CAD04828DD8,,Spirits,Spirits,21,,,,,,,,,,,,,,,,,,,,,,,,,,,,,,,,,,,
550e8400-e29b-41d4-a716-446655400661,TRS Red Lentils 2kg,TRS Red Lentils 2kg,in stock,new,6.99 GBP,https://example.com/product/550e8400-e29b-41d4-a716-446655400661,https://images.sumup.com/img_83F86D31A33B0DF479B4242100,TRS,Rice • Grains,Rice • Grains,32,,,,,,,,,,,,,,,,,,,,,,,,,,,,,,,,,,,
550e8400-e29b-41d4-a716-446655400662,Marmite Original 250g,Marmite Original 250g,in stock,new,3.49 GBP,https://example.com/product/550e8400-e29b-41d4-a716-446655400662,https://images.sumup.com/img_4906971367292F54D6FE7134C4,,Spreads • Jams,Spreads • Jams,11,,,,,,,,,,,,,,,,,,,,,,,,,,,,,,,,,,,
550e8400-e29b-41d4-a716-446655400663,Rajah Curry Powder 100g,Rajah Curry Powder 100g,in stock,new,2.19 GBP,https://example.com/product/550e8400-e29b-41d4-a716-446655400663,https://images.sumup.com/img_FCBB17E3505B9A72603E42C294,Rajah,Spices • Seasonings,Spices • Seasonings,4,,,,,,,,,,,,,,,,,,,,,,,,,,,,,,,,,,,
550e8400-e29b-41d4-a716-446655400664,Schwartz Paprika 30g,Schwartz Paprika 30g,in stock,new,1.99 GBP,https://example.com/product/550e8400-e29b-41d4-a716-446655400664,https://images.sumup.com/img_317A6B2A46D6CCC8840D411C83,,Spices • Seasonings,Spices • Seasonings,15,,,,,,,,,,,,,,,,,,,,,,,,,,,,,,,,,,,
550e8400-e29b-41d4-a716-446655400665,Jammie Dodgers 140g,Jammie Dodgers 140g,in stock,new,1.29 GBP,https://example.com/product/550e8400-e29b-41d4-a716-446655400665,https://images.sumup.com/img_79B1634D55050DC91C67FEB979,,Biscuits • Cookies,Biscuits • Cookies,50,,,,,,,,,,,,,,,,,,,,,,,,,,,,,,,,,,,
550e8400-e29b-41d4-a716-446655400666,Haldiram's Aloo Bhujia 200g,Haldiram's Aloo Bhujia 200g,in stock,new,2.79 GBP,https://example.com/product/550e8400-e29b-41d4-a716-446655400666,https://images.sumup.com/img_5422237DF3AE0F7DC307622931,Haldiram's,Indian Snacks,Indian Snacks,47,,,,,,,,,,,,,,,,,,,,,,,,,,,,,,,,,,,
550e8400-e29b-41d4-a716-446655400667,Yeo Valley Natural Yogurt 500g,Yeo Valley Natural Yogurt 500g,in stock,new,2.49 GBP,https://example.com/product/550e8400-e29b-41d4-a716-446655400667,https://images.sumup.com/img_97B0A00CB9E8F5532D355CC2D7,,Cheese • Dairy,Cheese • Dairy,30,,,,,,,,,,,,,,,,,,,,,,,,,,,,,,,,,,,
550e8400-e29b-41d4-a716-446655400668,Lucozade Energy Original 500g,Lucozade Energy Original 500g,in stock,new,1.69 GBP,https://example.com/product/550e8400-e29b-41d4-a716-446655400668,https://images.sumup.com/img_E81F410AB2A0C5E24E3DD2F6A5,Lucozade,Energy Drinks,Energy Drinks,31,,,,,,,,,,,,,,,,,,,,,,,,,,,,,,,,,,,
550e8400-e29b-41d4-a716-446655400669,Kettle Chips Mature Cheddar 150g,Kettle Chips Mature Cheddar 150g,in stock,new,2.19 GBP,https://example.com/product/550e8400-e29b-41d4-a716-446655400669,https://images.sumup.com/img_E1CC3C3F5728AF2D3BC4C6A077,Kettle,Crisps • Snacks,Crisps • Snacks,3,,,,,,,,,,,,,,,,,,,,,,,,,,,,,,,,,,,
550e8400-e29b-41d4-a716-446655400670,Tia Maria Coffee Liqueur 700g,Tia Maria Coffee Liqueur 700g,in stock,new,15.99 GBP,https://example.com/product/550e8400-e29b-41d4-a716-446655400670,https://images.sumup.com/img_3C839E4C2A9A8CD557CCF67656,,Liqueurs,Liqueurs,6,,,,,,,,,,,,,,,,,,,,,,,,,,,,,,,,,,,
550e8400-e29b-41d4-a716-446655400671,Douwe Egberts Pure Gold 95g,Douwe Egberts Pure Gold 95g,in stock,new,5.49 GBP,https://example.com/product/550e8400-e29b-41d4-a716-446655400671,https://images.sumup.com/img_5983F61B3F26282ED13BE0F788,,Coffee • Tea,Coffee • Tea,19,,,,,,,,,,,,,,,,,,,,,,,,,,,,,,,,,,,
550e8400-e29b-41d4-a716-446655400672,Laila Basmati Rice 2kg,Laila Basmati Rice 2kg,in stock,new,5.99 GBP,https://example.com/product/550e8400-e29b-41d4-a716-446655400672,https://images.sumup.com/img_0FCDCEF104CFCC342A6AB2817C,Laila,Rice • Grains,Rice • Grains,43,,,,,,,,,,,,,,,,,,,,,,,,,,,,,,,,,,,
550e8400-e29b-41d4-a716-446655400673,Tetley Tea Bags 80g,Tetley Tea Bags 80g,in stock,new,2.79 GBP,https://example.com/product/550e8400-e29b-41d4-a716-446655400673,https://images.sumup.com/img_25F8AC222BAE5B6D03247DEF61,,Coffee • Tea,Coffee • Tea,14,,,,,,,,,,,,,,,,,,,,,,,,,,,,,,,,,,,
550e8400-e29b-41d4-a716-446655400674,Comfort Fabric Conditioner 1260ml,Comfort Fabric Conditioner 1260ml,in stock,new,4.99 GBP,https://example.com/product/550e8400-e29b-41d4-a716-446655400674,https://images.sumup.com/img_AC57B5EC52BF86E972DE0374A4,Comfort,Household,Household,34,,,,,,,,,,,,,,,,,,,,,,,,,,,,,,,,,,,
550e8400-e29b-41d4-a716-446655400675,Malibu Caribbean Rum 700g,Malibu Caribbean Rum 700g,in stock,new,15.99 GBP,https://example.com/product/550e8400-e29b-41d4-a716-446655400675,https://images.sumup.com/img_6B7694FFCE42A6CDF71C207CB0,,Liqueurs,Liqueurs,23,,,,,,,,,,,,,,,,,,,,,,,,,,,,,,,,,,,
550e8400-e29b-41d4-a716-446655400676,Heinz Mayonnaise 400g,Heinz Mayonnaise 400g,in stock,new,2.79 GBP,https://example.com/product/550e8400-e29b-41d4-a716-446655400676,https://images.sumup.com/img_8A3B1217782659840F5D127A14,Heinz,Condiments • Sauces,Condiments • Sauces,11,,,,,,,,,,,,,,,,,,,,,,,,,,,,,,,,,,,
550e8400-e29b-41d4-a716-446655400677,Andrex Gentle Clean Toilet Tissue 9ml,Andrex Gentle Clean Toilet Tissue 9ml,in stock,new,5.99 GBP,https://example.com/product/550e8400-e29b-41d4-a716-446655400677,https://images.sumup.com/img_EFFC136A550944AB68636C97BE,Andrex,Household,Household,23,,,,,,,,,,,,,,,,,,,,,,,,,,,,,,,,,,,
550e8400-e29b-41d4-a716-446655400678,Vimto Original 500g,Vimto Original 500g,in stock,new,1.19 GBP,https://example.com/product/550e8400-e29b-41d4-a716-446655400678,https://images.sumup.com/img_36C455DA42CC82F8E223B687A4,,Soft Drinks • Water • Shakes,Soft Drinks • Water • Shakes,13,,,,,,,,,,,,,,,,,,,,,,,,,,,,,,,,,,,
550e8400-e29b-41d4-a716-446655400679,Lurpak Butter 250g,Lurpak Butter 250g,in stock,new,3.79 GBP,https://example.com/product/550e8400-e29b-41d4-a716-446655400679,https://images.sumup.com/img_815C1ABE06D72062BE2277DB4C,Lurpak,Butter • Spreads,Butter • Spreads,4,,,,,,,,,,,,,,,,,,,,,,,,,,,,,,,,,,,
550e8400-e29b-41d4-a716-446655400680,Cheetos Twisted 85g,Cheetos Twisted 85g,in stock,new,1.39 GBP,https://example.com/product/550e8400-e29b-41d4-a716-446655400680,https://images.sumup.com/img_A976442AA49DAF29CFDE69698C,Cheetos,Crisps • Snacks,Crisps • Snacks,20,,,,,,,,,,,,,,,,,,,,,,,,,,,,,,,,,,,
550e8400-e29b-41d4-a716-446655400681,Relentless Origin 500g,Relentless Origin 500g,in stock,new,1.79 GBP,https://example.com/product/550e8400-e29b-41d4-a716-446655400681,https://images.sumup.com/img_E9B658A3EF56C7217B34B78936,,Energy Drinks,Energy Drinks,2,,,,,,,,,,,,,,,,,,,,,,,,,,,,,,,,,,,
550e8400-e29b-41d4-a716-446655400682,Bacardi Carta Blanca Rum 350g,Bacardi Carta Blanca Rum 350g,in stock,new,11.99 GBP,https://example.com/product/550e8400-e29b-41d4-a716-446655400682,https://images.sumup.com/img_CEC8CE923866DEC847F2BB8830,Bacardi,Spirits,Spirits,11,,,,,,,,,,,,,,,,,,,,,,,,,,,,,,,,,,,
550e8400-e29b-41d4-a716-446655400683,Haldiram's Bhujia 200g,Haldiram's Bhujia 200g,in stock,new,2.79 GBP,https://example.com/product/550e8400-e29b-41d4-a716-446655400683,https://images.sumup.com/img_E4B4F55288FA3FD78D325F696E,Haldiram's,Indian Snacks,Indian Snacks,17,,,,,,,,,,,,,,,,,,,,,,,,,,,,,,,,,,,
550e8400-e29b-41d4-a716-446655400684,Doritos Cool Original 150g,Doritos Cool Original 150g,in stock,new,1.89 GBP,https://example.com/product/550e8400-e29b-41d4-a716-446655400684,https://images.sumup.com/img_97C7BCD410BEC1CF4745B53CB9,Doritos,Crisps • Snacks,Crisps • Snacks,7,,,,,,,,,,,,,,,,,,,,,,,,,,,,,,,,,,,
550e8400-e29b-41d4-a716-446655400685,Marmite Original 250g,Marmite Original 250g,in stock,new,3.49 GBP,https://example.com/product/550e8400-e29b-41d4-a716-446655400685,https://images.sumup.com/img_4906971367292F54D6FE7134C4,,Spreads • Jams,Spreads • Jams,28,,,,,,,,,,,,,,,,,,,,,,,,,,,,,,,,,,,
550e8400-e29b-41d4-a716-446655400686,San Miguel Lager 330g,San Miguel Lager 330g,in stock,new,1.89 GBP,https://example.com/product/550e8400-e29b-41d4-a716-446655400686,https://images.sumup.com/img_583218DA16DFBB8C9E902ACF54,,Beers,Beers,29,,,,,,,,,,,,,,,,,,,,,,,,,,,,,,,,,,,
550e8400-e29b-41d4-a716-446655400687,McVitie's Hobnobs 500g,McVitie's Hobnobs 500g,in stock,new,2.49 GBP,https://example.com/product/550e8400-e29b-41d4-a716-446655400687,https://images.sumup.com/img_DB6AD1B1D00280C564593F051D,McVitie's,Biscuits • Cookies,Biscuits • Cookies,13,,,,,,,,,,,,,,,,,,,,,,,,,,,,,,,,,,,
550e8400-e29b-41d4-a716-446655400688,Tetley Tea Bags 80g,Tetley Tea Bags 80g,in stock,new,2.79 GBP,https://example.com/product/550e8400-e29b-41d4-a716-446655400688,https://images.sumup.com/img_25F8AC222BAE5B6D03247DEF61,,Coffee • Tea,Coffee • Tea,28,,,,,,,,,,,,,,,,,,,,,,,,,,,,,,,,,,,
550e8400-e29b-41d4-a716-446655400689,Bikaji Aloo Bhujia 400g,Bikaji Aloo Bhujia 400g,in stock,new,3.99 GBP,https://example.com/product/550e8400-e29b-41d4-a716-446655400689,https://images.sumup.com/img_26CF4F029C13DF2F2032F2DD79,Bikaji,Indian Snacks,Indian Snacks,3,,,,,,,,,,,,,,,,,,,,,,,,,,,,,,,,,,,
550e8400-e29b-41d4-a716-446655400690,Marmite Original 250g,Marmite Original 250g,out of stock,new,3.49 GBP,https://example.com/product/550e8400-e29b-41d4-a716-446655400690,https://images.sumup.com/img_4906971367292F54D6FE7134C4,,Spreads • Jams,Spreads • Jams,0,,,,,,,,,,,,,,,,,,,,,,,,,,,,,,,,,,,
550e8400-e29b-41d4-a716-446655400691,Yorkshire Tea Bags 160g,Yorkshire Tea Bags 160g,in stock,new,4.99 GBP,https://example.com/product/550e8400-e29b-41d4-a716-446655400691,https://images.sumup.com/img_0B1EC776E778DBFF5C2EE138C6,,Coffee • Tea,Coffee • Tea,10,,,,,,,,,,,,,,,,,,,,,,,,,,,,,,,,,,,
550e8400-e29b-41d4-a716-446655400692,19 Crimes Chardonnay White Wine 750g,19 Crimes Chardonnay White Wine 750g,in stock,new,11.29 GBP,https://example.com/product/550e8400-e29b-41d4-a716-446655400692,https://images.sumup.com/img_18142A364AB4862EB840BB3903,19 Crimes,Wines,Wines,22,,,,,,,,,,,,,,,,,,,,,,,,,,,,,,,,,,,
550e8400-e29b-41d4-a716-446655400693,Schwartz Mixed Herbs 10g,Schwartz Mixed Herbs 10g,in stock,new,1.49 GBP,https://example.com/product/550e8400-e29b-41d4-a716-446655400693,https://images.sumup.com/img_493DA3958FEDB333A957CD3412,,Spices • Seasonings,Spices • Seasonings,30,,,,,,,,,,,,,,,,,,,,,,,,,,,,,,,,,,,
550e8400-e29b-41d4-a716-446655400694,Nestle Shreddies 415g,Nestle Shreddies 415g,in stock,new,2.99 GBP,https://example.com/product/550e8400-e29b-41d4-a716-446655400694,https://images.sumup.com/img_FCB07F9C5F5D59A88DEB7CC8C2,Nestle,Breakfast Cereals,Breakfast Cereals,47,,,,,,,,,,,,,,,,,,,,,,,,,,,,,,,,,,,
550e8400-e29b-41d4-a716-446655400695,Tetley Tea Bags 80g,Tetley Tea Bags 80g,in stock,new,2.79 GBP,https://example.com/product/550e8400-e29b-41d4-a716-446655400695,https://images.sumup.com/img_25F8AC222BAE5B6D03247DEF61,,Coffee • Tea,Coffee • Tea,33,,,,,,,,,,,,,,,,,,,,,,,,,,,,,,,,,,,
550e8400-e29b-41d4-a716-446655400696,Glenfiddich 12 Year Old 700g,Glenfiddich 12 Year Old 700g,in stock,new,34.99 GBP,https://example.com/product/550e8400-e29b-41d4-a716-446655400696,https://images.sumup.com/img_607E82DA02C35C0CAD04828DD8,,Spirits,Spirits,41,,,,,,,,,,,,,,,,,,,,,,,,,,,,,,,,,,,
550e8400-e29b-41d4-a716-446655400697,Kellogg's Corn Flakes 750g,Kellogg's Corn Flakes 750g,in stock,new,4.49 GBP,https://example.com/product/550e8400-e29b-41d4-a716-446655400697,https://images.sumup.com/img_6C10DF2DDFF5D376720DA23A0F,Kellogg's,Breakfast Cereals,Breakfast Cereals,9,,,,,,,,,,,,,,,,,,,,,,,,,,,,,,,,,,,
550e8400-e29b-41d4-a716-446655400698,Lurpak Spreadable 250g,Lurpak Spreadable 250g,in stock,new,3.99 GBP,https://example.com/product/550e8400-e29b-41d4-a716-446655400698,https://images.sumup.com/img_C677A8E5A6E89C624B03B9360D,Lurpak,Butter • Spreads,Butter • Spreads,50,,,,,,,,,,,,,,,,,,,,,,,,,,,,,,,,,,,
550e8400-e29b-41d4-a716-446655400699,Danone Activia Yogurt 125g,Danone Activia Yogurt 125g,in stock,new,0.69 GBP,https://example.com/product/550e8400-e29b-41d4-a716-446655400699,https://images.sumup.com/img_25BB17537668F2C46A66770FCC,,Cheese • Dairy,Cheese • Dairy,38,,,,,,,,,,,,,,,,,,,,,,,,,,,,,,,,,,,
550e8400-e29b-41d4-a716-446655400700,Bells Original Whisky 700g,Bells Original Whisky 700g,in stock,new,18.99 GBP,https://example.com/product/550e8400-e29b-41d4-a716-446655400700,https://images.sumup.com/img_5721A4F9A0B714489B7CF5A65E,,Spirits,Spirits,7,,,,,,,,,,,,,,,,,,,,,,,,,,,,,,,,,,,
550e8400-e29b-41d4-a716-446655400701,Cathedral City Mature Cheddar 200g,Cathedral City Mature Cheddar 200g,in stock,new,3.29 GBP,https://example.com/product/550e8400-e29b-41d4-a716-446655400701,https://images.sumup.com/img_DBB446980A133D85CD592D1BFA,Cathedral City,Cheese • Dairy,Cheese • Dairy,25,,,,,,,,,,,,,,,,,,,,,,,,,,,,,,,,,,,
550e8400-e29b-41d4-a716-446655400702,Danone Activia Yogurt 125g,Danone Activia Yogurt 125g,in stock,new,0.69 GBP,https://example.com/product/550e8400-e29b-41d4-a716-446655400702,https://images.sumup.com/img_25BB17537668F2C46A66770FCC,,Cheese • Dairy,Cheese • Dairy,23,,,,,,,,,,,,,,,,,,,,,,,,,,,,,,,,,,,
550e8400-e29b-41d4-a716-446655400703,Haldiram's Aloo Bhujia 200g,Haldiram's Aloo Bhujia 200g,in stock,new,2.79 GBP,https://example.com/product/550e8400-e29b-41d4-a716-446655400703,https://images.sumup.com/img_5422237DF3AE0F7DC307622931,Haldiram's,Indian Snacks,Indian Snacks,19,,,,,,,,,,,,,,,,,,,,,,,,,,,,,,,,,,,
550e8400-e29b-41d4-a716-446655400704,Muller Rice Original 190g,Muller Rice Original 190g,in stock,new,0.85 GBP,https://example.com/product/550e8400-e29b-41d4-a716-446655400704,https://images.sumup.com/img_27A760D07B385E480AD58BDAC4,Muller,Cheese • Dairy,Cheese • Dairy,43,,,,,,,,,,,,,,,,,,,,,,,,,,,,,,,,,,,
550e8400-e29b-41d4-a716-446655400705,Marmite Original 250g,Marmite Original 250g,in stock,new,3.49 GBP,https://example.com/product/550e8400-e29b-41d4-a716-446655400705,https://images.sumup.com/img_4906971367292F54D6FE7134C4,,Spreads • Jams,Spreads • Jams,11,,,,,,,,,,,,,,,,,,,,,,,,,,,,,,,,,,,
550e8400-e29b-41d4-a716-446655400706,Pepsi Max 330g,Pepsi Max 330g,in stock,new,0.99 GBP,https://example.com/product/550e8400-e29b-41d4-a716-446655400706,https://images.sumup.com/img_F927025BF121F05D9F34C516ED,Pepsi,Soft Drinks • Water • Shakes,Soft Drinks • Water • Shakes,37,,,,,,,,,,,,,,,,,,,,,,,,,,,,,,,,,,,
550e8400-e29b-41d4-a716-446655400707,Quaker Oats So Simple 432g,Quaker Oats So Simple 432g,in stock,new,3.99 GBP,https://example.com/product/550e8400-e29b-41d4-a716-446655400707,https://images.sumup.com/img_19FCF432A533546959EEE3D156,,Breakfast Cereals,Breakfast Cereals,22,,,,,,,,,,,,,,,,,,,,,,,,,,,,,,,,,,,
550e8400-e29b-41d4-a716-446655400708,Tilda Pure Basmati Rice 500g,Tilda Pure Basmati Rice 500g,in stock,new,2.79 GBP,https://example.com/product/550e8400-e29b-41d4-a716-446655400708,https://images.sumup.com/img_6BF69D8378C18AF0F0249C6B96,,Cooking Ingredients,Cooking Ingredients,17,,,,,,,,,,,,,,,,,,,,,,,,,,,,,,,,,,,
550e8400-e29b-41d4-a716-446655400709,Malibu Caribbean Rum 700g,Malibu Caribbean Rum 700g,in stock,new,15.99 GBP,https://example.com/product/550e8400-e29b-41d4-a716-446655400709,https://images.sumup.com/img_6B7694FFCE42A6CDF71C207CB0,,Liqueurs,Liqueurs,10,,,,,,,,,,,,,,,,,,,,,,,,,,,,,,,,,,,
550e8400-e29b-41d4-a716-446655400710,Uncle Ben's Basmati Rice 1000ml,Uncle Ben's Basmati Rice 1000ml,in stock,new,4.49 GBP,https://example.com/product/550e8400-e29b-41d4-a716-446655400710,https://images.sumup.com/img_4210F6553001704000B2BAA202,,Cooking Ingredients,Cooking Ingredients,17,,,,,,,,,,,,,,,,,,,,,,,,,,,,,,,,,,,
